{"ft_output": {"0": "uyu mukino wabaye itariki ukwakira gihe ikipe y\u2019u rwanda neza n\u2019ubwo yatsinda mukino itazajya mikino nyuma guhatanira igikombe yatsinze igitego - igitego cyabonetse munota gatandatu w\u2019umukino gitsinzwe meddie kagere muri tsinda ryarimo andi makipe abiri u burundi ivory coast ivory coast yatsinze u burundi ibitego - ikipe y\u2019u rwanda ikaba yarabashije gutahukana ishema ry\u2019 u rwanda kugarurira ikizere abanyarwanda kuko yegukanye umwanya kabiri n\u2019amanota gusa ivory coast ikaba yarigaragaje cyane kuko irusha u rwanda amanota mutijima abu bernard y", "1": "kuri kabiri tariki gicurasi urasanga isura nshya y\u2019abantu bacaracara mihanda y\u2019umurenge nyakabuye karere rusizi bambaye udupfukamunwa ukabona wagirango n\u2019impuzankano bahuriyeho bamwe baturage batuye murenge baravuga bakiriye gahunda kwirinda bakoresheje agapfukamunwa bakavuga babyishimiye rwego kwirinda kurinda abandi rundi ruhande hari ababangamiwe kukambara kuko usanga ubwambere bagakoresheje ariko bazarushaho kubimenyera kuko ubundi umuti urura niwo ukiza indwara umwe bacuruzi bakorera centre nyakabuye witwa semana jervais wavuganye muhabura rw yabwiye umunyamakuru yaba umugurira kandi ugurisha bagomba kuba bambaye udupfukamunwa rwego kwirinda yagize atikwirinda biruta kwivuza ntabwo umuntu yabura kwirinda yambara agapfukamunwa kagura y\u2019u rwanda ukabura amagara hejuru kwanga kubahoriza amabwiriza kwirinda kurinda abandi dutahirize umugozi umwe twirinda tunarinda abandi kandi icyorezo tuzagitsinda umusaza nsabimana w\u2019imyaka mirongo irindwi waganiriye n\u2019umunyamakuru aje kugura kurya isoko nyakabuye rirema buri kabiri buri gatandatu yavuze yabyakiriye neza ariko akomeje kugorwa kukambara yagize atinibyo rwose kwirinda byiza gusa njye kukambara byangoye buryo bugaragara kuko nikintu ntarimenyereyekuvuga birikunanira nkanavuga cyane nibwira turikuvugana atarikunyumva mukeshimana claudine umucuruzi centre nyakabuye avuga agapfukamunwa gafasha kwirinda icyirezo coronavirus nkuko yagiye abibona ahandi agasanga intambwe itewe n\u2019akarere rusizi n\u2019igihugu rusange yagize atino bushinwa usanga abantu benshi batwambaye rwego kwirinda kurinda abandi kandi ariho iko cyorezo covid- cyatangiriye uburyo bwiza kwirinda kurinda abandibravo leta y\u2019ubumwe ku ruhande rwabacuruza udupfukamunwa bavuga ntacyo batakoze hamwe n\u2019abafatanyabikorwa kugirango buri muturage wese abe yagura agapfukamunwa kamurinda kakanarinda n\u2019abandi uhagarariye urugaga rw\u2019abikorera murenge nyakabuye bwana ndayisabye emmanuel avugana muhabura yavuze urebye agapfukamunwa kari kugura amafaranga aringaniye buryo rwitazo uvuga hari uwakabuze yagize atiamafaranga magana atanu si menshinku buryo hari uwazana urwitwazo kutakambara agapfukamunwa avuga gahenzerwose dufatanye dukumire cyorezo kuko ingamba ikomeye kdi ihamye kucyirinda icyi cyemezo kwambura udupfukamunwa giherutse gufatirwa nama y\u2019abaministiri yafataga imyanzuro gukomeza kwirinda icyorezo covid- ndetse kukirinda abandiaho bavuze kandi buri munyarwanda wese agomva kwambara agapfukamunwa rwego kwirinda icyorezo covid- ibi kandi birashimangirwa n\u2019itangazo ryashyizweho umukono ministiri w\u2019ubucuruzi madame nyirahakuziyaremye suraya ruburira abanyarwanda umubare wabagomba gukorera isoko bangaba kandi ahamya ugura ndetse n\u2019umucuruzi bagomba gutanga service kuyihabwa bambaye agapfukamunwa hirindwa ikwirakwiza ry\u2019icyo cyirezo gihangayikishije u rwanda n\u2019isi rusange denis fabrice nsengumuremyimuhaburarw", "2": "kuri gatanu nibwo ikipe arsenal yatangaje yamaze gutandukana n\u2019uwari umutoza wayo unai emery ndetse ajyana n\u2019abari bamwungirije gutoza kipe mu itangazo arsenal yashyize ahagaragara bagize bati uyu munsi turatangaza icyemezo cyamaze gufatwa gutandukana n\u2019umutoza mukuru unai emery ndetse n\u2019abari bamwungirije josh kroenke wavuze izina arsenal banyirayo kroenke sportsentertainment yagize turashimira cyane unai bagenzi batahwemye gukoreshe bashoboye kose bagarure ikipe irushanwa rwego twifuzaga ndetse twabasabaga turifuriza unai n\u2019abo bakorana intsinzi bihe biri imbere arsenal yifurije emery amahirwe bihe bye biri imbere nk\u2019uko tangazo rikomeza ribisobanura cyemezo cyafashwe kubera umusaruro utari rwego mutoza yasabwaga gutanga kugeza kipe yashyizwe maboko freddie ljungberg usanzwe umwe bungirije unai emery wagizwe umutoza mukuru by\u2019agateganyo bati dufitiye freddie icyizere cyuzuye kudufasha kuzamuka gushakisha umutoza mushya biracyakomeje kandi ibizavamo muzabitangarizwa gihe gikorwa kizaba cyarangiye freddie wahawe ikipe arsenal by\u2019agateganyo freddi yatangiye kuba umutoza wungirije arsenal mwaka akaba n\u2019umwe bakinnyi bayo b\u2019igihe kirekire yayikiniye guhera kugeza nyuma akaza kuhava yerekeje west ham", "3": "jean-pierre nimbona umuhanzi w\u2019 umurundi ukunzwe cyane karere k\u2019 afurika y\u2019 iburasirazuba wataramiye abarenga nama transform africa yahishuye afite abana jean-pierre nimbona umuhanzi w\u2019 umurundi ukunzwe cyane karere k\u2019 afurika y\u2019 iburasirazuba wataramiye abarenga nama transform africa yahishuye afite abana kidum wamamaye ndirimbo zitandukanye zirimo mapenzi umbamwo intimba y\u2019 urukundo n\u2019 izindi avuga afite indirimbo zirenga ndetse amaze imyaka irenga muziki ubwo yasusurutsaga abitabiriye tas yahishuye agiye gukorana indirimbo n\u2019 umuhanzi w\u2019 umunyarwanda itahiwacu brucebruce melody bruce melody avuga umufana kidum kera buri umwe afite byinshi azi bagiye kubihuriza hamwe bahe abakunzi wabo indirimbo nziza cyane ntabwo batangaje igihe ndirimbo izagira ahagaragara gusa bagiye guhita bayitangira kidum umuhanzi ukuze ukunzwe kurangwa gutera urwenya mu minsi yashize yavuzweho uburwayi bukomeye yararozwe ariko magingo ameze neza muri kidum yahawe igihembo cy\u2019 umuhanzi w\u2019 umugabo uhiga abandi afurika y\u2019 iburasirazuba cyatanzwe kora awards avuga akora siporo cyane kuko umukinnyi w\u2019 iteramakofe gusa bimusaba guhora aseka kuko arakaye ibintu byaba bibi cyane yagize ndi umuboxer njyewe nagukubita abantu bakibaza wagonze n\u2019 imodoka mfite centure noire karate ikindi kabiri nkina umupira w\u2019 amaguru icya nterura ibyuma njyewe naguterura kurya baterura umugati sinshavura mpora twenza n\u2019 abantu kuko ndamutse nshavuye ngafata ngahamu ijosi kameza bugali c\u2019 est fini kidum yakomeje abwira afrimaxtv afite abana ndetse muntu umurusha abana benshi karere k\u2019 afurika y\u2019 ibiyaga bigari ati njyewe banyita baba yaoumubyeyi wabo muhanzi ufite abana benshi kundusha mfite abana papa wemba yaremeye kidum avuga muntu ukwiye kubabazwa igihugu cye cyatumiye abahanzi hanze y\u2019 igihugu kandi umuhanzi ahubwo muntu akwiye guhita abona agomba kuzamura urwego ariho agakora ibintu byiza kurushaho", "4": "umuririmbyi diamond platnumz yishimanye bidasanzwe n\u2019umugore zari hassan buryohe bw\u2019urukundo gihe hari hashize iminsi inkuru zicicikana urugo rwabo ruri nzira gusenyuka reba ukuntu zari na diamond barikubyina umuziki bibereye mucyumba reba ukuntu zari na diamond barimo kuryashya yanditswe niyomugabomuhaburarw", "5": "mu kiganiro twagiranye tariki yagize njye nabonye hari byinshi byakosowe buryo numva izagenda neza rwose reba nk\u2019ubushize biriya tom close byaratinze cyane n\u2019ubwo byagiye studio professionnel twamubajije yabyakira n\u2019akamaro byamugirira aramutse yegukanye pggss season asubiza magambo numva ikintu cyonyine byamarira ukujya studio professionnel rwego rw\u2019isi numva ikintu gikomeye cyane jye iyo opportunity yatuma ubona n\u2019ibindi byinshi byiza byakugirira akamaro muzika yawe rafiki uherutse gukora indirimbo yilekelemo yavugishije abantu benshi cyane gukora indirimbo ebyiri ndishimye dj b hindukira jay p marie clemence cyiza uwimanimpaye y", "6": "nyuma y\u2019uko rayon sports inganyije - mukino w\u2019umunsi shampiyona bikanatuma isa gutakaza amahirwe y\u2019igikombe shampiyona cy\u2019uyu mwaka munyakazi sadate perezida w\u2019iyi kipe yabuze asobanurira abafana uyu mukino wabereye i nyamirambo tariki werurwe ntiwitabiriwe n\u2019abafana nyuma y\u2019uko ishyirahamwe ry\u2019umupira w\u2019amaguru rwanda ferwafa ryafashe icyemezo cy\u2019uko imikino ibera muhezo gicumbi fc yafunguye amazamu minota y\u2019inyongera y\u2019igice mbere mupira w\u2019umuterekano watewe ndacyayisenga ally umunyezamu kimenyi yves aritsinda yakorwagaho n\u2019umupira umaze gukubita igiti cy\u2019izamu iminota irindwi yongereweho bitewe n\u2019iyatakajwe n\u2019umunyezamu gicumbi fc yavuyemo igitego rayon sports cyatsinzwe ally niyonzima munota gatatu w\u2019inyongera kuko iminota yarangiye iki gitego cyavugishije abantu bake barebye umukino kuko sugira erneste wabanje gukora mupira yagonze umunyezamu mbarushimana wahise agwa hasi ally niyonzima atsinda mbarushimana akiryamye hasi kunganya mukino byatumye rayon sports igira amanota mwanya kabiri irushwa amanota atandatu apr fc mbere ikaba izigamye ikirarane izakina espoir fc gicumbi fc yahise iguma mwanya nyuma n\u2019amanota irushwa inota rimwe heroes fc mwanya rutonde rw\u2019agateganyo abinyujije rubuga rwe twitter munyakazi sadate yavuze yabuze ibisobanuro abafana ab rayon sports bakomeje kumwandikira ubutitsa mu magambo yagize covid yababujije kureba gikundiro bigera mwisunga ibiti natwe ntitwababaniye tudatsinda gicumbi mugahinda kenshi nakiriye ubutumwa benshi munsaba ibisobanuro gusa nabuze nsobanura rekamvuge sorry abakinnyi mwibuke rs iya abafan ubwitange bwiyongere plz gusaba imbabazi kwe byasembuye ibiganiro n\u2019abafana akomeza gusabwa ibisobanuro nyuma y\u2019ubu butumwa bamwe bafana bagiye babaza muyobozi ibibazo bitandukanye uwitwa ndahayo capiton yavuze aheruka umukino mwiza rayon sports igitozwa robertinho ndahayo capiton yagize uwahahiye supermaket ibiryo bipimye nuwahahiye mutangana nyabugogo cg kubazunguzayi bararya ariko indwara ije uwariye neza agira imbaraga kurusha abandi bahashye ibidapimye njye nukuri mperuka kubona umupira wumwimerere rayon robertinho atoza nyuma wapi sadate yahise amusubiza burya ntawujya mutangana cga ajye guhahira gataro ayobewe yuko simba supermarket ihari burya buri wese yishima yishyikira nabahahira super march hano suko nziza isi nabo niho bishyikira uwitwa salomon niyomugaba yanze sadate yagera buyobozi ikipe rayon sports imaze gutakaza ibikombe b salomon yagize nawe reba ibikombe twakagombye umuyobizi ubitse bingahe cecafa agaciro champions league super cup dutsindwa nigikona dutakaje champion ntakizere dufite peace cup muyobozi urimo kwemerera abakwita umugambanyi kubona babihera muratubabaje gusa sadate asubiza salomon yavuze bikombe atari kubitoragura yagize ivugire ushaka ntawakurenganya bikombe byose undondoreye wagira mbitware mezi yewe nanabishoboye nakwandikwa guiness de records kuko ibikombe bigera uvuga ntago bitoragurwa", "7": "imwe mitwe ishyirwa majwi harimo inyeshyamba fdlr mai mai inyeshyamba adf ndetse n\u2019iza nalu bikorera mashyamba burasirazuba kongo mbusa pengela umukozi w\u2019umwe miryango itegamiye leta kivu y\u2019amajyaruguru yagize iyi mitwe ifite ubushobozi gusenya ibikoresho bizakoreshwa matora kugirango babuze amatora yabera duce bigabijecome loma djesa umukozi kigo cy\u2019igihugu cy\u2019imikorere gisirikare avuga burasirazuba kongo kinshasa harangwa imitwe yitwaje ibirwanisho itifuza amatora agenda neza mbusa pengela aganira wwwdirectcd dukesha nkuru yagize nyeshyamba zose ugusahurira nduru zicukura amabuye y\u2019agaciro n\u2019ubundi bukungu burasirazuba mu duce tumwe tumwe fdlr ma ma baka abaturage imisoro ndetse n\u2019ahenshi nibo bafite ibirombe zahabu koluta akomeza avuga kuba zino nyeshyamba zikibarizwa butaka burasirazuba congo imbogamizi ikomeye matora kuko itazemera matora azaca mucyo ndetse bwisanzure amatora repubulika iharanira demokarasi congo ateganijwe kuzaba itariki uku kwezi biteganyijwe hazatorwa umukuru w\u2019igihugu n\u2019abagize inteko ishinga amategeko gerard gitoli mbabazi", "8": "bale wagaragaye akina iminota mukino real madrid yatsindagamo celta vigo - umutoza zidane yatangaje azaba akoreshwa mukino barakiramo as roma i santiaga bernabeu mukino kwishyura uefa championsleague bale ufite ikibazo cy\u2019imbwana calf muscle yagiriye mukino shampiyona wabahuje sporting gijon kuwa mutarama kuri afite impuzandengo y\u2019igitego kimwe n\u2019ibice mikino shampiyona ngo asatanga umusanzue guha akazi myugariro as roma bitumen batishyura ibitego batsindiwe murugo ral kandi ishobora kugarura toni kroos luka modric marcelo batari bameze neza mukino weekend nyuma y\u2019umukino umutoza zinedine zidane yagize bale yishimye kuko yongeye gukora akazi nyuma igihe kitari gito tuzamubona mukino roma kandi ndakeka azaba ameze neza bale yabwiye urubuga realmadridcom yishimye iby\u2019igiciro kuza uvuye bihe bukomeye ukazana insinzi rutahizamu karim benzema aracyashidikanywaho kuburyo birikuvugwa umwana muto cyane borja mayoral ashobora kongera guhabwa amahirwe zidane akeneye abakinnyi bafite inararibonye kuko intego ukukora undecima igikombe uefa championsleague nacyo gikombe cyonyine bafite amahirwe gutwara mwaka roma nayo ije i madrid ifite icyizere kuko umukino uheruka yatsinze fiolentina - byatumye yegera umwanya gatatu muri bitego harimo n\u2019icya mohamed salah umeze neza luciano spaletti umutoza as roma ntiyashyize myugariro antonio rudiger rutonde kubera imvune naho radja nainggolan ukina hagati arashidikanywaho mugihe daniele de rossi adahari yanditswe rukundo xavermuhaburarw", "9": "izina tuyishimire diogne rirazwi cyane ariko rikunzwe by\u2019umwihariko adepr yamamaye cyane nyigisho avugamo yesu afite imbaraga zidasanzwe akamusanisha n\u2019ibintu byose agira nta kintu adasa nacyo mu bana yabaye umwana w\u2019imana bagabo umugabo w\u2019abapfakazi bapapa se w\u2019imfubyi biti umuzabibu w\u2019ukuri mwe abakirisitu amashami\u2019\u2019 uyu muvugabutumwa yakuranye inzozi kuzaba umuhanzi ariko wibanda butumwa bufitiye akamaro sosiyete nyarwanda tuyishimire yakuze yiyumvamo cyane hip hop ndetse indirimbo mbere yise byanteye ubwoba\u2019\u2019 icuranze njyana aganira igihe tuyishimire yavuze gusohora indirimbo inzozi ze zabaye impamo ati nakuze nifuza kuba umuhanzi igihe nyacyo cy\u2019imana nasanze nsohore indirimbo yanjye mbere\u2019\u2019 mu ndirimbo avuga nubwo isi irushya abantu ariko imana izahindura byose bishya akongera mu buzima nubwo tubabazwa ariko imana izaduha guhozwa\u2019\u2019 yakomeje nashatse kugaragaza nubwo isi umuntu ashobora kunyura buzima bukomeye ariko hari imana ibuyobora ubuzima bukomeye bugahinduka ubworoshye binyuze kwizera imana\u2019\u2019 byanteye ubwoba ifite iminota itatu n\u2019amasegonda yakozwe buryo bw\u2019amajwi producer trackslayer tuyishimire yayiririmbye afatanyije dushimiyimana emmanuel uzwi manud ubarizwa adepr yiyongereye bandi bahanzi bake itorero adepr baririmba njyana hip hop yashimangiye gukora umuziki hip hop bidakwiye gufatwa nabi gihe atanga ubutumwa butomoye yagize ubusanzwe njyana iva mana zose nizo abantu bihangiye ziva bwenge bwabo numva injyana atari ikibazo ahubwo ikibazo cyaba ubutumwa burimo\u2019\u2019 tuyishimire diogne afite imyaka umugabo wubatse ufite umugore n\u2019umwana umwe asengera itorero adepr paruwasi jabana indi nkuru wasoma yavutse witeguraga kuba umubikira ubuhamya butangaje ev tuyishimire adepr y", "10": "ngirango musitanteri bamutumiye manama umwungere azoza aramutiza imodoka ivyo vyavuzwe musitanteri komine nyanza-lac jean claude nduwimana uwararongoye intumwa reta gikorane catunganirijwe mw\u2019ishengero pentekote ry\u2019i nyanza-lac muntumbero gushimira intwaro cndd-fdd kw\u2019igenekerezo nzero yivanze muvy\u2019itunganywa ryaryo rigahindura inzego amashengero pentekote burundi yamye ashingwa yitandukanya n\u2019ayandi ngeso n\u2019ukuntu abayoboke bayo bifata cane cane hageze kwiyamamaza migambwe canke ndyane politike zagiye ziribonekeza atamwonga ubura isato gusa iba idahizwe mu mwaka uheze niho umugambwe butegetsi watera intambwe ihambaye mukwinjiza iryo shengero politike nk\u2019uko wabikoze muba isaramu barongowe kajandi sadiki kwimika pasitori jonathan kidebuye atware misiyoni y\u2019ishengero pentekote i nyanza-lac bumanuko bw\u2019u burundi ntara makamba kw\u2019igenekerezo kigarama wabicishije bushikiranganji bw\u2019intwaro hagati gihugu hamwe n\u2019inyigisho gukundisha igihugu hari imbere y\u2019abakirisu n\u2019imbonerakure kibuga kiri y\u2019urusengero rw\u2019ishengero pentekote ico gikorane twababwiye cabereye jonathan kidebuye yatangura gushimira reta y\u2019u burundi yaterereye cane mukwirukana ico bise satani n\u2019umutumire w\u2019iteka w\u2019uwo musi jean claude nduwimana yahavuye aronka ijambo agaca anerekana intumwa reta zari zamuherekeje nazo zikaba zari zigizwe n\u2019aba bakurikira -umukuru w\u2019ikambi nyanza-lac -umunyamabanga w\u2019umugambwe cndd-fdd mw\u2019ikomone n\u2019abagize ibiro vyiwe -uwutwara iperereza muriyo komine ajejwe kugenda arumviriza abavuga ayamuhe -aserukira umugambwe mitumba hamwe n\u2019akuru b\u2019imitumba igize komine nyanza-lac musitanteri agifise ijambo akaba yagiriyeko yamamaza kuzotora ego matora guhindura ibwirizwa nshingiro yongera agenda ateranije ishengero pentekote misiyoni y\u2019ikiremba nk\u2019uko muvyuma majwi y\u2019abo bagabo ngaha musi tubamenyesheko pasitori jonathan kidebuye atemewe n\u2019inzego zirongoye amashengero pentekote burundi epbu nkako bamutaramuye kw\u2019igenekerezo kigarama pascal barandagiye umushikiranganji w\u2019intwaro hagati gihugu hamwe n\u2019inyigisho gukundisha igihugu yaca afuta ngingo tworangiza tubamenyesha umugambi gusambura iryo shengero rigira kabiri burundi muyafise abayoboke benshi inyuma y\u2019ishengero katorika ubandanya cane", "11": "abo bamenyeshamakuru bakaba bakorera ikinyamakuru iwacu bakaba batawe mvuto kwezi kw\u2019icumi umwaka bakaba bagiye ntara bubanza kurondera amakuru yavuga hari abagwanya leta binjiye gihugu abajejwe umutekano baciye babafata bagishika komine bukinanyana ahavugwa bagwanyi bakaba baciye bashikirizwa sentare nkuru bubanza umushikirizamanza akaba yaciye abagiriza icaha co kwifatanya n\u2019abagwanyi gutera igihugu icaha cahavuye gihindurwa citwa icaha co gushaka guhungabanya umutekano w\u2019igihugu iyo sentare yaciye ibacira imyaka ibiri nusu n\u2019amande y\u2019amafaranga umuriyoni umwe umwe icabafashe cane n\u2019ubutumwe bwafatanwe umwe muribo buvuga \u2019bagiye i bubanza gufasha abagwanyi\u2019\u2019 ababuranira bakaba baragerageje kwerekana kwabo bamenyeshamakuru ataco bapfana n\u2019abagwanyi ikinyamakuru iwacu kikaba carunguruje sentare yiyungurizo ntahangwa ariko sentare yafashe ingingo kubagumiza mumunyororo ikinyamakuru iwacu kikavuga kigiye kwitura sentare ntahinyuzwa sent", "12": "ururimi rw\u2019ikirundi rubitse ubutunzi bwinshi ivyo ivyagaragariye birori vyo guhimbaza umunsi mpuzamakungu wahariwe ururimi kavukire vyari vyatunganijwe n\u2019ishure kaminuza ry\u2019uburundi ryifadikanije n\u2019ikigo cebulac denis bukuru umwigisha kaminuza gisata c\u2019indimi n\u2019imico kama y\u2019abanyafirika mwari muzi hamaze kwandikwa kirundi ibitabu vy\u2019imitsindo vy\u2019abarangiza kaminuza bishika ijana uyo muhinga aragaragaza ibintu bitandatu abarundi bihendako rurimi rwabo ngo ikirundi kirakenye bukuru arabibeshuza ati ikirundi kirafise amajambo atomoye ashobora gushikiriza ivyumviro birashe vy\u2019ubumenyi n\u2019ubuhinga none uburorero atanga umuyagankuba ikigendajuru imitsi nsanzazamaraso amajambo y\u2019ubuhinga abarundi badafise ariko bakoresha ferdinand mberamihigo avuga ni twaba tuvuga ikirundi gikenye duce twemera n\u2019izindi ndimi zikenye atanga akarorero k\u2019amajambo ururimi rw\u2019ikirundi rufise ariko rurimi rw\u2019igifaransa atabaho canke bataronkera insiguro akarorero gutengata amakaba amarindira hari n\u2019ayandi majambo y\u2019ikirundi yikwije ata jambo rimwe riyasigura rihari gifaransa ni nk\u2019aya guheka gifaransa porter sur le dos ferdinand porter sur le dos nticama gisigura kirundi guheka muri make rurimi rukenye rumwe rwose ruvuga ivyo rukeneye ikirundi ntikirenga imbibe ishwi mama ikirundi kirarenga imbibe mbere kigashika makungu bukuru mu burundi ikirundi kivugwa citwa ikirundi rwanda citwa ikinyarwanda congo citwa ikirundi canke ikinyamurenge tanzaniya kivugwa igiha igihangaza canke igishubi ouganda kivugwa citwa ikivubira mbere kiravugwa mahanga hose ahantu haba abarundi canke masamirizi mpuzamakungu bbc voa ikirundi co kuvuga gusa ahibambe umuhinga denis biratangaje ingene inama ijambo ubutumire bitegurwa kirundi yamara hageze gushikiriza icegeranyo kigatangwa mugifaransa ivyo vyerekana abarundi twibaza ikirundi ico kuvuga gusa hageze kwandika tugakoresha izindi ndimi denis arayica umurya ati mbega nko gukora umugambi ukawandika capa mugifaransa hanyuma ugaca ugishinga murima w\u2019ibigori abagisoma batumva urwo rurimi bisigura ba kimyozi nabo nyene batangaza gifaransa ubuhinga bwabo bafise kumwa kandi bamwa kirundi n\u2019ubundi burorero bwinshi ngo ntawokwandika ubutohoji kirundi dufatiye nko mwanditsi ntahokaja jean baptiste ibice birenga vy\u2019ubutohoji yagize yabwanditse kirundi muri make ibitabo vy\u2019imitsindo bimaze kwandikwa n\u2019abamaze kaminuza birashika ijana ikirundi nticotira amajambo zindi ndimi eka da hari amajambo menshi kirundi dukoresha tutazi neza amarahurano ehe irabire ikawa igitabu ikaramu isaha isahani n\u2019amajambo yatiwe carabu aciye giswahili nk\u2019uko umwigisha bukuru abisigura arabandanya ishati uburengeti imodoka amarahurano ava congereza ijipo ibiharage itabi yavuye gifaransa patiri imisa umukirisu yatiwe muki latini ikirundi coba cononwa n\u2019urwaruka habe n\u2019intete bukuru ukutacitaho kumenya ivya kera tubivuge kirundi kutamenya ivy\u2019ubu kirundi vyo vyonona ururimi kuko abakiri bato barahura ivyo bavuga babikuye kubakuze nsamirizi nama mashengero binyamakuru n\u2019ahandi gertrude kazoviyo ikirundi nticahawe ikibanza gikwiye mashure aha afatira kumasaha make cane ahabwa ikirundi ugereranije n\u2019ururimi rw\u2019igifaransa n\u2019icongereza", "13": "kubibuga vya rfuea bisanzwe vyakira inkino zitunganywa n\u2019ishirahamwe ry\u2019urukino rugby gihugu ca kenya niho hagiye kubera ihiganwa safari sevens rizohuza ibihugu bitandukanye magenekerezo gushika gitugutu uno mwaka ku ncuro yaryo safari sevens rugby ukaba umwe mubwoko bw\u2019umukino rugby umurwi umwumwe uba ugizwe nabakinyi indwi kandi bakina iminota indwi gusa bitandukanye rugby isanzwe ikinwa nabakinyi cumi batanu bakina iminota mirongo ineukaba kandi bumwe mubwoko rugby ikunzwe cane mugabane africa inyuma y\u2019imyaka igera ndwi iryo higanwa ryarahagaze ryaje gusubira gutangura muwaka uheze ubona ryagiye riraramura urwaruka africa rutandukanyeuno mwaka rigarutse n\u2019inguvu nyishi hatumiwe ibihugu vyiyongera kugihugu ca kenya ca tunganije iryo higanwa harimwo ouganda zimbabwe france angleterre canada etats-unis afrique du sud japon ghana italie russie portugal amazinga samurai yatahukanye iryo higanwa mumwaka uheze ndetse n\u2019igihugu cacu c\u2019uburundi ni muriyo ntumbero kuruyu kane igenekerezo gitugutu umurwi nserukira gihugu w\u2019uburundi rugby wafashe urugendo ugana igihugu ca kenya hanashizwe ahabona urutonde rwabakinyi cumi babiri bavuye mumirwi isanzwe ikina mw\u2019ihiganwa ryo ngaha mugihugu cacu ndetse nababaherekeje abo nabo akaba abakinyi nyandwi ntare capitaine ntamavukiro saoul vice-capitaine rukundo philippe hatungimana yvan munezero bien aim kwizera regis hatungimana trsor alimas bigirimana abdul hakizimana blaise do ndihokubwayo mike niyonkuru dsir kamarebo alain uburongozi karekezi boniface coach ndikumana innocent docteur ndikuriyo grard directeur technique national tukabibutsako umurwi serukiragihugu w\u2019uburundi rugby umwe mumirwi idakunze kwitabira amahiganwa abera hanze y\u2019 igihugu rikaba ribaye incuro kabiri uyo murwi witabiriye iryo higanwa safari sevens ryatanguye mumwaka mugihugu ca kenya y", "14": "ivyo vyatanguye igihe abirabure batari bake baturuka gihugu ca nigeria batorwako ingwara coronavirus iyo ngwara ikaba yatanguye kuvurwa murico gihugu nyene c\u2019ubuchinwa gisagara ca wuhan ikaba yaciye ikwira isi nubu ikaba iriko iratikiza inganda ubuchinwa bukaba bwaragerageje kuyigwanya ikaba yariko irahera nihu kuza kandi bayitora kurabo birabure mur\u2019iyi ndwi itanguye abirabure murico gisagara bava bihugu bitandukanye bakaba barafashwe nabi barasohorwa mazu barakwa n\u2019impapuro z\u2019inzira bachinwa bakababwira bashobora kubirukana kubapima kunguvu ivyo bikaba vyateye ishavu ibihugu vyo afrika bitari bike vyaciye vyandikira abaserukira ubuchinwa vyo bihugu babasaba kwisigura kuriyo nyifato igihugu ca afrika yepfo kikabona nyifato ihushanye n\u2019imigenderanire myiza hagati y\u2019ubuchinwa n\u2019ibihugu vy\u2019afrika ubuchinwa burwanya ubukoroni afrika hamwe n\u2019ishingwa ryo gufashanya hagati afrika n\u2019ubuchinwa ivyo bikaba vyatumye abenegihugu b\u2019ibihugu vya afrika bataraba ryiza abachinwa bagiye gukorera mur\u2019ivyo bihugu mbere n\u2019umutekano wabo ugashobora guhungabana nkuko tuvyumva gihugu ca kenya ariko leta y\u2019ubuchinwa ikaba yasutsemwo amazi mabisi mukumenyesha igiye gufata neza abirababure ico gisagara ca guanzou cane", "15": "umusatirizi w\u2019umufaransa asanzwe akinira umugwi paris st germain mugihugu c\u2019ubufaransa kylian mbapp imyaka inkino ibitsindo ligue bizima bwiwe ntiyigeze amenya abamenyereza benshi mukiganiro yahaye tableau de c uyo mukinyi kera as monaco kylian mbapp yanyeguruye umwe bamenyereza yamye arota kere kumumenyereza murico kiganiro yahaye tableau de c kylian mbapp yavuzeko umumenyereza kera arsenal arsne wenger niwe yakunda kera akiri muto y", "16": "kuva ahohamenyekaniye burundi hari abantu bagwaye umugera korona ubwoba nibwinshi banyeshure babandanya bahurira hamwe mashure uwo weseatonda umutima utari nda yibaza hamwe hoba hari umwe bagenziwe yobayaranduye umugera yohava yanduza bigana mg umunyeshure yiga mumakaminuza yigenga gisagara ca bujumbura kuva acumva burundi icokiza cahageze yifatiye ingingo kudasubira gutonda mw\u2019ishure kiretse agiyegukora ikibazo gusa agira urabonamw\u2019ishure tuhahurira tuvuye makaritiye atandukanye hari igihe wosanga hariumunyeshure yaba gace uwatowe mugera yabamwo ugasanga aranduyekubera abanyeshure tuguma duhura wosanga ibigo vyose vyafashwe rero jewe nzobandabangiranzosubirayo gihe mbona bikenewe dufise nk\u2019ikibazo nawe mj yiga kaminuzanderabigisha ens avuga n\u2019ubwo atonda kw\u2019ishure agenda afise ubwobabwinshi agira ntubona bamaze kuvuga hagwaye koronavirisi abantu nibakwira cumi bataratanga itegeko ryokwugara amashure nzoca ntekerautwanje nidugire iwacu ruguru kuko hoho vyopfuma ruza n\u2019uruja ruriyo mazehariho n\u2019abatagitonda kw\u2019ishure iwacu kubera ubwoba naho mashure hafashwe ingingo yukoumunyeshure wese abanza gukaraba n\u2019amazi meza n\u2019isabune imbere kujamw\u2019ishure bamwe banyeshure bavuga ivyo bidahagije kuko bahezagukaraba bagaca bahurira ntebe barenga babiri eka mbere ugasangabaguma batizanya utuntu n\u2019utundi banasamuriranirako mw\u2019ishure gusigaumwanya gihe bavugana hagati ntibidakunda reta y\u2019uburundi iti nimugume bikorwa vyanyu mw\u2019itangazo reta y\u2019uburundi yasohoye ndamukiza irahumurizaabantu boguma mirimo imenyesha kugeza ata zindi ngingozirafatwa kiretse izihasanzwe gukurikiza amabwirizwa y\u2019isuku ahubwo nyabunaihamagarira abantu kutumviriza inkuru zica ivutu gushengeza abakwiragizaibihuha nihagira igihinduka bijanye n\u2019ingingo bizomenyeshwa retaibicishije nzego zibijejwe n\u2019umushikiranganji kubungabunga amagara y\u2019abantu avuga abantu badakwiye kugira ubwobaahubwo borema bakijukira kwikingira bishitse umuntu akagwara mugera ukumenya mugera uvurwa ugakira kubw\u2019ivyo ubushikiranganji kubungabunga amagara y\u2019abantu buhamagarira abantu gutekana bakaguma bikorwa vyabo nk\u2019uko bisanzwe ariko bakitwararika gusumba gukurikiza ingingo ngenderwako zitangwa n\u2019abajejwe amagara y\u2019abantu mwomenya vyo kwitwararikwacane kugira abantu birinde ico kiza ugukaraba kenshi hakoreshejwe amazimeza n\u2019isabune kwirinda kuramukanya indamutso guhoberana canke gukorana muntoke kutikora maso mazuru munwa kutaja migwi ikoraniyemwoabantu benshi gusiga umwanya ungana n\u2019imetero hagati y\u2019umuntu n\u2019uwundikudakororera canke wikokomorere ariho hose kwasamurira ntegey\u2019inkokora n\u2019ibindi b", "17": "ubushikiranganji bujejwe umutekano hamwe kugwanya ibiza bumenyeshako mezi atatu aheze hakozwe amasaka suzumwa gihugu cose muriyo hakaba harafashwe abagizi nabi hamwe n\u2019ibikoresho bitandukanye vyakoreshwa nabo mu kiganiro umushikiranganji w\u2019umutekano hamwe kugwanya ibiza yahaye abamenyeshamakuru ariko ashikiriza ivyaranguwe mezi atatu ahezecpc alain guillaume bunyoni yavuze mezi aheze abagizi nabi bashika bashoboye gufatwaimirwi y\u2019abagizi nabi nayo irasamburwa cpc alain guillaume bunyoni avuga ibigwanisho vyafashwe murayo mezi atatu inkoho bwoko kalachnikov inkoho pistolets inkoho simonovinkoho mugoboreibisasu ntezwantoke ibikono vy\u2019amasasu hamwe n\u2019amasasu uwo mushikiranganji avuga kandi murico kiringo amaritiro n\u2019ibice y\u2019inzoga zitemewe n\u2019amategeko zafashwe zongere ziraseswa kandi hafashwe n\u2019ibiro vy\u2019umumogiudutu tw\u2019urumogi hamwe n\u2019uduti duteye vy\u2019urumogi arivyo vyafashwe", "18": "\"Ach\u1ee5r\u1ee5 nwunye m na \u1ecdr\u1ee5 mgbe Na\u1ecbjir\u1ecba na nd\u1ecb MTN nwere nsogb\u1ee5 \u1ecd were met\u1ee5ta ebe o na aru \u1ecdr\u1ee5. Okwu MTN ahu metutakwara \u1ecdt\u1ee5t\u1ee5 \u1ee5l\u1ecd \u1ecdr\u1ee5 ha na ha na ar\u1ee5k\u1ecd \u1ecdr\u1ee5 ka MTN ekwegh\u1ecb inye ha contract. A mam \u1ecdt\u1ee5t\u1ee5 nd\u1ecb mmadu na ar\u1ee5b\u1ee5 \u1ecdr\u1ee5 na Proctor and Gamble, mana ach\u1ee5kwara ha n'\u1ecdr\u1ee5 mgbe \u1ee5l\u1ecd \u1ecdr\u1ee5 ah\u1ee5 ch\u1ee5r\u1ee5 oke an\u1ecd ndi \u1ecdr\u1ee5 ha. Yabu \u1ecbhe metutara \u1ecdt\u1ee5t\u1ee5 mmadu,\" Ka Cheta Nwanze siri kwu. \u1ecc", "19": "\u1ecc s\u1ecb na \"nch\u1ecdp\u1ee5ta nd\u1ecb NBS na-akowa na \u1ecdr\u1ee5 mmep\u1ee5ta mman\u1ee5 agb\u1ecbd\u1ecb agagh\u1ecb n'ihu ka \u1ecd s\u1ecb kwesi. Nke a na egos\u1ecb na agbaneghi na ego batara na \u1ecdr\u1ee5 gbasatara mman\u1ee5 agb\u1ecbd\u1ecb, mad\u1ee5 ole ka ana ewo na \u1ecdr\u1ee5 na mpaghara a? Mgbe e mere mgbak\u1ecd, \u1ecb ga ah\u1ee5 na \u1ecbhe sir\u1ecb ike \u1ecdf\u1ee5ma\".\n\n", "20": "Mutiu Adepoju, onye ya na Keshi gbak\u1ecdr\u1ecd Naijiria b\u1ecd\u1ecdl\u1ee5, gwara BBC na, \"Keshi b\u1ee5 onye h\u1ee5r\u1ee5 nd\u1ecb mmad\u1ee5 n'anya. Echetara m oge m banyere \"National Team\" mgbe ah\u1ee5 \u1ecd b\u1ee5 onye ndu any\u1ecb, \u1ecd b\u1ee5 ezi onye ndu. Keshi b\u1ee5 onye a ma ama. \u1ecc n\u1ecdz\u1ecbgh\u1ecb nd\u1ee5 mana a ga-eji ihe \u1ecdma nd\u1ecb o mere mgbe \u1ecd d\u1ecb nd\u1ee5 were na-echeta ya.\" \u1ecc", "21": "Sanchez ga-esokwa na as\u1ecdmp\u1ecb ndi Red Devils na otu di iche iche na English premier League akp\u1ecdr\u1ecd FA cup ga-agba n'ub\u1ecdch\u1ecb \u1ecbr\u1ecb na isii na \u1ecdnwa Januwari. \u1ecc", "22": "Akw\u1ee5kw\u1ecd ak\u1ee5k\u1ecd ekwubuola na G\u1ecdvan\u1ecd Okorocha s\u1ecb na ya ga-enye nd\u1ecb na ach\u1ecb eh\u1ecb ala n'Imo Steeti nke \u1ecdt\u1ee5t\u1ee5 nd\u1ecb Igbo kat\u1ecdr\u1ecd na ezogh\u1ecb \u1ecdn\u1ee5. BBC Igbo gbara mb\u1ecd I kwuru Oje ozi Rochas maka mgbasa ozi mana nwaamad\u1ecb ah\u1ee5 bawara BBC mba gbanu\u1ecd ekwenti ya. BBC", "23": "\"Ndiuweojii na nd\u1ecb agha mmiri nyere nd\u1ecb Lagos State Emergency Management Agency (NEMA) enyemaka \u1ecbmeny\u1ee5 \u1ecdk\u1ee5 ah\u1ee5 n'elekere at\u1ecd na nkeji iri at\u1ecd nke ehihe\".", "24": "Osote onye-isi nd\u1ecb ome-iwu Na\u1ecbjir\u1ecba b\u1ee5 Ike Ekweremadu ekwuola na ike agw\u1ee5la nd\u1ecb S\u1ecbnat\u1ecb iji otu nkeji daraj\u1ee5\u1ee5 akwanyere nd\u1ecb egburu n'ime oke \u1ecdgbaghara d\u1ecb na Na\u1ecbjir\u1ecba oge \u1ecd bula.", "25": "Cheta n'otu \u1ecbz\u1ee5ka gara-aga ka emere akwam ozu mmad\u1ee5 ruru iri asaa egburu na Local G\u1ecd\u1ecdmenti Logo na Guma nke Benue Steeti, e be ihe kariri mmad\u1ee5 iri ise ka ak\u1ee5k\u1ecd kwuru n'egburu na Taraba Steeti.", "26": "Ekweremadu gosiri iwe gbasara ogbugbu nd\u1ecb mmad\u1ee5 na nzuk\u1ecd nd\u1ecb ome-iwu n'\u1ee5b\u1ecdch\u1ecb taa, kwuo na Na\u1ecbjir\u1ecba ga-ebu \u1ee5z\u1ecd nwe udo na nchekwa, tupu e kwuowa okwu iwulite obodo. \ufffd", "27": "O kwuru s\u1ecb: \"\u1ecc h\u1ecbara m ah\u1ee5 \u1ecb cheta ihe nd\u1ecb a, ma na-agbawa m obi na \u1ecblaghachi az\u1ee5 ebe ah\u1ee5 o mere d\u1ecb mkpa na imezu ebumnobi m maka \u1ecb ga as\u1ecdmp\u1ecb Tokyo n'af\u1ecd 2020.\" T\u00e9lam"}, "bloom-2b5_ppl": {"0": 84.72959899902344, "1": 131.13963317871094, "2": 84.4029769897461, "3": 150.39527893066406, "4": 139.4267120361328, "5": 240.6763916015625, "6": 170.01588439941406, "7": 120.48219299316406, "8": 130.0868377685547, "9": 180.3658447265625, "10": 130.01248168945312, "11": 141.54371643066406, "12": 153.9532928466797, "13": 174.85601806640625, "14": 128.30015563964844, "15": 137.22067260742188, "16": 254.0956268310547, "17": 123.0013427734375, "18": 161.97042846679688, "19": 79.57222747802734, "20": 81.01858520507812, "21": 268.3871765136719, "22": 186.64251708984375, "23": 118.7370376586914, "24": 153.7126922607422, "25": 172.07199096679688, "26": 144.6264190673828, "27": 116.85807037353516}, "Avg Ppl": 148.5107786996024}