;ft_output;bloom-350m_ppl
0;"uyu mukino wabaye itariki ukwakira gihe ikipe y’u rwanda neza n’ubwo yatsinda mukino itazajya mikino nyuma guhatanira igikombe yatsinze igitego - igitego cyabonetse munota gatandatu w’umukino gitsinzwe meddie kagere muri tsinda ryarimo andi makipe abiri u burundi ivory coast ivory coast yatsinze u burundi ibitego - ikipe y’u rwanda ikaba yarabashije gutahukana ishema ry’ u rwanda kugarurira ikizere abanyarwanda kuko yegukanye umwanya kabiri n’amanota gusa ivory coast ikaba yarigaragaje cyane kuko irusha u rwanda amanota mutijima abu bernardi
";433.61761474609375
1;"kuri kabiri tariki gicurasi urasanga isura nshya y’abantu bacaracara mihanda y’umurenge nyakabuye karere rusizi bambaye udupfukamunwa ukabona wagirango n’impuzankano bahuriyeho bamwe baturage batuye murenge baravuga bakiriye gahunda kwirinda bakoresheje agapfukamunwa bakavuga babyishimiye rwego kwirinda kurinda abandi rundi ruhande hari ababangamiwe kukambara kuko usanga ubwambere bagakoresheje ariko bazarushaho kubimenyera kuko ubundi umuti urura niwo ukiza indwara umwe bacuruzi bakorera centre nyakabuye witwa semana jervais wavuganye muhabura rw yabwiye umunyamakuru yaba umugurira kandi ugurisha bagomba kuba bambaye udupfukamunwa rwego kwirinda yagize atikwirinda biruta kwivuza ntabwo umuntu yabura kwirinda yambara agapfukamunwa kagura y’u rwanda ukabura amagara hejuru kwanga kubahoriza amabwiriza kwirinda kurinda abandi dutahirize umugozi umwe twirinda tunarinda abandi kandi icyorezo tuzagitsinda umusaza nsabimana w’imyaka mirongo irindwi waganiriye n’umunyamakuru aje kugura kurya isoko nyakabuye rirema buri kabiri buri gatandatu yavuze yabyakiriye neza ariko akomeje kugorwa kukambara yagize atinibyo rwose kwirinda byiza gusa njye kukambara byangoye buryo bugaragara kuko nikintu ntarimenyereyekuvuga birikunanira nkanavuga cyane nibwira turikuvugana atarikunyumva mukeshimana claudine umucuruzi centre nyakabuye avuga agapfukamunwa gafasha kwirinda icyirezo coronavirus nkuko yagiye abibona ahandi agasanga intambwe itewe n’akarere rusizi n’igihugu rusange yagize atino bushinwa usanga abantu benshi batwambaye rwego kwirinda kurinda abandi kandi ariho iko cyorezo covid- cyatangiriye uburyo bwiza kwirinda kurinda abandibravo leta y’ubumwe ku ruhande rwabacuruza udupfukamunwa bavuga ntacyo batakoze hamwe n’abafatanyabikorwa kugirango buri muturage wese abe yagura agapfukamunwa kamurinda kakanarinda n’abandi uhagarariye urugaga rw’abikorera murenge nyakabuye bwana ndayisabye emmanuel avugana muhabura yavuze urebye agapfukamunwa kari kugura amafaranga aringaniye buryo rwitazo uvuga hari uwakabuze yagize atiamafaranga magana atanu si menshinku buryo hari uwazana urwitwazo kutakambara agapfukamunwa avuga gahenzerwose dufatanye dukumire cyorezo kuko ingamba ikomeye kdi ihamye kucyirinda icyi cyemezo kwambura udupfukamunwa giherutse gufatirwa nama y’abaministiri yafataga imyanzuro gukomeza kwirinda icyorezo covid- ndetse kukirinda abandiaho bavuze kandi buri munyarwanda wese agomva kwambara agapfukamunwa rwego kwirinda icyorezo covid- ibi kandi birashimangirwa n’itangazo ryashyizweho umukono ministiri w’ubucuruzi madame nyirahakuziyaremye suraya ruburira abanyarwanda umubare wabagomba gukorera isoko bangaba kandi ahamya ugura ndetse n’umucuruzi bagomba gutanga service kuyihabwa bambaye agapfukamunwa hirindwa ikwirakwiza ry’icyo cyirezo gihangayikishije u rwanda n’isi rusange denis fabrice nsengumuremyimuhaburarwanda
";408.7243957519531
2;"kuri gatanu nibwo ikipe arsenal yatangaje yamaze gutandukana n’uwari umutoza wayo unai emery ndetse ajyana n’abari bamwungirije gutoza kipe mu itangazo arsenal yashyize ahagaragara bagize bati uyu munsi turatangaza icyemezo cyamaze gufatwa gutandukana n’umutoza mukuru unai emery ndetse n’abari bamwungirije josh kroenke wavuze izina arsenal banyirayo kroenke sportsentertainment yagize turashimira cyane unai bagenzi batahwemye gukoreshe bashoboye kose bagarure ikipe irushanwa rwego twifuzaga ndetse twabasabaga turifuriza unai n’abo bakorana intsinzi bihe biri imbere arsenal yifurije emery amahirwe bihe bye biri imbere nk’uko tangazo rikomeza ribisobanura cyemezo cyafashwe kubera umusaruro utari rwego mutoza yasabwaga gutanga kugeza kipe yashyizwe maboko freddie ljungberg usanzwe umwe bungirije unai emery wagizwe umutoza mukuru by’agateganyo bati dufitiye freddie icyizere cyuzuye kudufasha kuzamuka gushakisha umutoza mushya biracyakomeje kandi ibizavamo muzabitangarizwa gihe gikorwa kizaba cyarangiye freddie wahawe ikipe arsenal by’agateganyo freddi yatangiye kuba umutoza wungirije arsenal mwaka akaba n’umwe bakinnyi bayo b’igihe kirekire yayikiniye guhera kugeza nyuma akaza kuhava yerekeje west hamo
";361.9186096191406
3;"jean-pierre nimbona umuhanzi w’ umurundi ukunzwe cyane karere k’ afurika y’ iburasirazuba wataramiye abarenga nama transform africa yahishuye afite abana jean-pierre nimbona umuhanzi w’ umurundi ukunzwe cyane karere k’ afurika y’ iburasirazuba wataramiye abarenga nama transform africa yahishuye afite abana kidum wamamaye ndirimbo zitandukanye zirimo mapenzi umbamwo intimba y’ urukundo n’ izindi avuga afite indirimbo zirenga ndetse amaze imyaka irenga muziki ubwo yasusurutsaga abitabiriye tas yahishuye agiye gukorana indirimbo n’ umuhanzi w’ umunyarwanda itahiwacu brucebruce melody bruce melody avuga umufana kidum kera buri umwe afite byinshi azi bagiye kubihuriza hamwe bahe abakunzi wabo indirimbo nziza cyane ntabwo batangaje igihe ndirimbo izagira ahagaragara gusa bagiye guhita bayitangira kidum umuhanzi ukuze ukunzwe kurangwa gutera urwenya mu minsi yashize yavuzweho uburwayi bukomeye yararozwe ariko magingo ameze neza muri kidum yahawe igihembo cy’ umuhanzi w’ umugabo uhiga abandi afurika y’ iburasirazuba cyatanzwe kora awards avuga akora siporo cyane kuko umukinnyi w’ iteramakofe gusa bimusaba guhora aseka kuko arakaye ibintu byaba bibi cyane yagize ndi umuboxer njyewe nagukubita abantu bakibaza wagonze n’ imodoka mfite centure noire karate ikindi kabiri nkina umupira w’ amaguru icya nterura ibyuma njyewe naguterura kurya baterura umugati sinshavura mpora twenza n’ abantu kuko ndamutse nshavuye ngafata ngahamu ijosi kameza bugali c’ est fini kidum yakomeje abwira afrimaxtv afite abana ndetse muntu umurusha abana benshi karere k’ afurika y’ ibiyaga bigari ati njyewe banyita baba yaoumubyeyi wabo muhanzi ufite abana benshi kundusha mfite abana papa wemba yaremeye kidum avuga muntu ukwiye kubabazwa igihugu cye cyatumiye abahanzi hanze y’ igihugu kandi umuhanzi ahubwo muntu akwiye guhita abona agomba kuzamura urwego ariho agakora ibintu byiza kurushaho n
";544.87255859375
4;"umuririmbyi diamond platnumz yishimanye bidasanzwe n’umugore zari hassan buryohe bw’urukundo gihe hari hashize iminsi inkuru zicicikana urugo rwabo ruri nzira gusenyuka reba ukuntu zari na diamond barikubyina umuziki bibereye mucyumba reba ukuntu zari na diamond barimo kuryashya yanditswe niyomugabomuhaburarwani
";674.3682250976562
5;"mu kiganiro twagiranye tariki yagize njye nabonye hari byinshi byakosowe buryo numva izagenda neza rwose reba nk’ubushize biriya tom close byaratinze cyane n’ubwo byagiye studio professionnel twamubajije yabyakira n’akamaro byamugirira aramutse yegukanye pggss season asubiza magambo numva ikintu cyonyine byamarira ukujya studio professionnel rwego rw’isi numva ikintu gikomeye cyane jye iyo opportunity yatuma ubona n’ibindi byinshi byiza byakugirira akamaro muzika yawe rafiki uherutse gukora indirimbo yilekelemo yavugishije abantu benshi cyane gukora indirimbo ebyiri ndishimye dj b hindukira jay p marie clemence cyiza uwimanimpaye by
";1029.050048828125
6;"nyuma y’uko rayon sports inganyije - mukino w’umunsi shampiyona bikanatuma isa gutakaza amahirwe y’igikombe shampiyona cy’uyu mwaka munyakazi sadate perezida w’iyi kipe yabuze asobanurira abafana uyu mukino wabereye i nyamirambo tariki werurwe ntiwitabiriwe n’abafana nyuma y’uko ishyirahamwe ry’umupira w’amaguru rwanda ferwafa ryafashe icyemezo cy’uko imikino ibera muhezo gicumbi fc yafunguye amazamu minota y’inyongera y’igice mbere mupira w’umuterekano watewe ndacyayisenga ally umunyezamu kimenyi yves aritsinda yakorwagaho n’umupira umaze gukubita igiti cy’izamu iminota irindwi yongereweho bitewe n’iyatakajwe n’umunyezamu gicumbi fc yavuyemo igitego rayon sports cyatsinzwe ally niyonzima munota gatatu w’inyongera kuko iminota yarangiye iki gitego cyavugishije abantu bake barebye umukino kuko sugira erneste wabanje gukora mupira yagonze umunyezamu mbarushimana wahise agwa hasi ally niyonzima atsinda mbarushimana akiryamye hasi kunganya mukino byatumye rayon sports igira amanota mwanya kabiri irushwa amanota atandatu apr fc mbere ikaba izigamye ikirarane izakina espoir fc gicumbi fc yahise iguma mwanya nyuma n’amanota irushwa inota rimwe heroes fc mwanya rutonde rw’agateganyo abinyujije rubuga rwe twitter munyakazi sadate yavuze yabuze ibisobanuro abafana ab rayon sports bakomeje kumwandikira ubutitsa mu magambo yagize covid yababujije kureba gikundiro bigera mwisunga ibiti natwe ntitwababaniye tudatsinda gicumbi mugahinda kenshi nakiriye ubutumwa benshi munsaba ibisobanuro gusa nabuze nsobanura rekamvuge sorry abakinnyi mwibuke rs iya abafan ubwitange bwiyongere plz gusaba imbabazi kwe byasembuye ibiganiro n’abafana akomeza gusabwa ibisobanuro nyuma y’ubu butumwa bamwe bafana bagiye babaza muyobozi ibibazo bitandukanye uwitwa ndahayo capiton yavuze aheruka umukino mwiza rayon sports igitozwa robertinho ndahayo capiton yagize uwahahiye supermaket ibiryo bipimye nuwahahiye mutangana nyabugogo cg kubazunguzayi bararya ariko indwara ije uwariye neza agira imbaraga kurusha abandi bahashye ibidapimye njye nukuri mperuka kubona umupira wumwimerere rayon robertinho atoza nyuma wapi sadate yahise amusubiza burya ntawujya mutangana cga ajye guhahira gataro ayobewe yuko simba supermarket ihari burya buri wese yishima yishyikira nabahahira super march hano suko nziza isi nabo niho bishyikira uwitwa salomon niyomugaba yanze sadate yagera buyobozi ikipe rayon sports imaze gutakaza ibikombe b salomon yagize nawe reba ibikombe twakagombye umuyobizi ubitse bingahe cecafa agaciro champions league super cup dutsindwa nigikona dutakaje champion ntakizere dufite peace cup muyobozi urimo kwemerera abakwita umugambanyi kubona babihera muratubabaje gusa sadate asubiza salomon yavuze bikombe atari kubitoragura yagize ivugire ushaka ntawakurenganya bikombe byose undondoreye wagira mbitware mezi yewe nanabishoboye nakwandikwa guiness de records kuko ibikombe bigera uvuga ntago bitoragurwa n
";613.0546875
7;"imwe mitwe ishyirwa majwi harimo inyeshyamba fdlr mai mai inyeshyamba adf ndetse n’iza nalu bikorera mashyamba burasirazuba kongo mbusa pengela umukozi w’umwe miryango itegamiye leta kivu y’amajyaruguru yagize iyi mitwe ifite ubushobozi gusenya ibikoresho bizakoreshwa matora kugirango babuze amatora yabera duce bigabijecome loma djesa umukozi kigo cy’igihugu cy’imikorere gisirikare avuga burasirazuba kongo kinshasa harangwa imitwe yitwaje ibirwanisho itifuza amatora agenda neza mbusa pengela aganira wwwdirectcd dukesha nkuru yagize nyeshyamba zose ugusahurira nduru zicukura amabuye y’agaciro n’ubundi bukungu burasirazuba mu duce tumwe tumwe fdlr ma ma baka abaturage imisoro ndetse n’ahenshi nibo bafite ibirombe zahabu koluta akomeza avuga kuba zino nyeshyamba zikibarizwa butaka burasirazuba congo imbogamizi ikomeye matora kuko itazemera matora azaca mucyo ndetse bwisanzure amatora repubulika iharanira demokarasi congo ateganijwe kuzaba itariki uku kwezi biteganyijwe hazatorwa umukuru w’igihugu n’abagize inteko ishinga amategeko gerard gitoli mbabazi n
";545.1069946289062
8;"bale wagaragaye akina iminota mukino real madrid yatsindagamo celta vigo - umutoza zidane yatangaje azaba akoreshwa mukino barakiramo as roma i santiaga bernabeu mukino kwishyura uefa championsleague bale ufite ikibazo cy’imbwana calf muscle yagiriye mukino shampiyona wabahuje sporting gijon kuwa mutarama kuri afite impuzandengo y’igitego kimwe n’ibice mikino shampiyona ngo asatanga umusanzue guha akazi myugariro as roma bitumen batishyura ibitego batsindiwe murugo ral kandi ishobora kugarura toni kroos luka modric marcelo batari bameze neza mukino weekend nyuma y’umukino umutoza zinedine zidane yagize bale yishimye kuko yongeye gukora akazi nyuma igihe kitari gito tuzamubona mukino roma kandi ndakeka azaba ameze neza bale yabwiye urubuga realmadridcom yishimye iby’igiciro kuza uvuye bihe bukomeye ukazana insinzi rutahizamu karim benzema aracyashidikanywaho kuburyo birikuvugwa umwana muto cyane borja mayoral ashobora kongera guhabwa amahirwe zidane akeneye abakinnyi bafite inararibonye kuko intego ukukora undecima igikombe uefa championsleague nacyo gikombe cyonyine bafite amahirwe gutwara mwaka roma nayo ije i madrid ifite icyizere kuko umukino uheruka yatsinze fiolentina - byatumye yegera umwanya gatatu muri bitego harimo n’icya mohamed salah umeze neza luciano spaletti umutoza as roma ntiyashyize myugariro antonio rudiger rutonde kubera imvune naho radja nainggolan ukina hagati arashidikanywaho mugihe daniele de rossi adahari yanditswe rukundo xavermuhaburarwale
";596.512939453125
9;"izina tuyishimire diogne rirazwi cyane ariko rikunzwe by’umwihariko adepr yamamaye cyane nyigisho avugamo yesu afite imbaraga zidasanzwe akamusanisha n’ibintu byose agira nta kintu adasa nacyo mu bana yabaye umwana w’imana bagabo umugabo w’abapfakazi bapapa se w’imfubyi biti umuzabibu w’ukuri mwe abakirisitu amashami’’ uyu muvugabutumwa yakuranye inzozi kuzaba umuhanzi ariko wibanda butumwa bufitiye akamaro sosiyete nyarwanda tuyishimire yakuze yiyumvamo cyane hip hop ndetse indirimbo mbere yise byanteye ubwoba’’ icuranze njyana aganira igihe tuyishimire yavuze gusohora indirimbo inzozi ze zabaye impamo ati nakuze nifuza kuba umuhanzi igihe nyacyo cy’imana nasanze nsohore indirimbo yanjye mbere’’ mu ndirimbo avuga nubwo isi irushya abantu ariko imana izahindura byose bishya akongera mu buzima nubwo tubabazwa ariko imana izaduha guhozwa’’ yakomeje nashatse kugaragaza nubwo isi umuntu ashobora kunyura buzima bukomeye ariko hari imana ibuyobora ubuzima bukomeye bugahinduka ubworoshye binyuze kwizera imana’’ byanteye ubwoba ifite iminota itatu n’amasegonda yakozwe buryo bw’amajwi producer trackslayer tuyishimire yayiririmbye afatanyije dushimiyimana emmanuel uzwi manud ubarizwa adepr yiyongereye bandi bahanzi bake itorero adepr baririmba njyana hip hop yashimangiye gukora umuziki hip hop bidakwiye gufatwa nabi gihe atanga ubutumwa butomoye yagize ubusanzwe njyana iva mana zose nizo abantu bihangiye ziva bwenge bwabo numva injyana atari ikibazo ahubwo ikibazo cyaba ubutumwa burimo’’ tuyishimire diogne afite imyaka umugabo wubatse ufite umugore n’umwana umwe asengera itorero adepr paruwasi jabana indi nkuru wasoma yavutse witeguraga kuba umubikira ubuhamya butangaje ev tuyishimire adepr y
";628.123046875
10;"ngirango musitanteri bamutumiye manama umwungere azoza aramutiza imodoka ivyo vyavuzwe musitanteri komine nyanza-lac jean claude nduwimana uwararongoye intumwa reta gikorane catunganirijwe mw’ishengero pentekote ry’i nyanza-lac muntumbero gushimira intwaro cndd-fdd kw’igenekerezo nzero yivanze muvy’itunganywa ryaryo rigahindura inzego amashengero pentekote burundi yamye ashingwa yitandukanya n’ayandi ngeso n’ukuntu abayoboke bayo bifata cane cane hageze kwiyamamaza migambwe canke ndyane politike zagiye ziribonekeza atamwonga ubura isato gusa iba idahizwe mu mwaka uheze niho umugambwe butegetsi watera intambwe ihambaye mukwinjiza iryo shengero politike nk’uko wabikoze muba isaramu barongowe kajandi sadiki kwimika pasitori jonathan kidebuye atware misiyoni y’ishengero pentekote i nyanza-lac bumanuko bw’u burundi ntara makamba kw’igenekerezo kigarama wabicishije bushikiranganji bw’intwaro hagati gihugu hamwe n’inyigisho gukundisha igihugu hari imbere y’abakirisu n’imbonerakure kibuga kiri y’urusengero rw’ishengero pentekote ico gikorane twababwiye cabereye jonathan kidebuye yatangura gushimira reta y’u burundi yaterereye cane mukwirukana ico bise satani n’umutumire w’iteka w’uwo musi jean claude nduwimana yahavuye aronka ijambo agaca anerekana intumwa reta zari zamuherekeje nazo zikaba zari zigizwe n’aba bakurikira -umukuru w’ikambi nyanza-lac -umunyamabanga w’umugambwe cndd-fdd mw’ikomone n’abagize ibiro vyiwe -uwutwara iperereza muriyo komine ajejwe kugenda arumviriza abavuga ayamuhe -aserukira umugambwe mitumba hamwe n’akuru b’imitumba igize komine nyanza-lac musitanteri agifise ijambo akaba yagiriyeko yamamaza kuzotora ego matora guhindura ibwirizwa nshingiro yongera agenda ateranije ishengero pentekote misiyoni y’ikiremba nk’uko muvyuma majwi y’abo bagabo ngaha musi tubamenyesheko pasitori jonathan kidebuye atemewe n’inzego zirongoye amashengero pentekote burundi epbu nkako bamutaramuye kw’igenekerezo kigarama pascal barandagiye umushikiranganji w’intwaro hagati gihugu hamwe n’inyigisho gukundisha igihugu yaca afuta ngingo tworangiza tubamenyesha umugambi gusambura iryo shengero rigira kabiri burundi muyafise abayoboke benshi inyuma y’ishengero katorika ubandanya n
";363.3717041015625
11;"abo bamenyeshamakuru bakaba bakorera ikinyamakuru iwacu bakaba batawe mvuto kwezi kw’icumi umwaka bakaba bagiye ntara bubanza kurondera amakuru yavuga hari abagwanya leta binjiye gihugu abajejwe umutekano baciye babafata bagishika komine bukinanyana ahavugwa bagwanyi bakaba baciye bashikirizwa sentare nkuru bubanza umushikirizamanza akaba yaciye abagiriza icaha co kwifatanya n’abagwanyi gutera igihugu icaha cahavuye gihindurwa citwa icaha co gushaka guhungabanya umutekano w’igihugu iyo sentare yaciye ibacira imyaka ibiri nusu n’amande y’amafaranga umuriyoni umwe umwe icabafashe cane n’ubutumwe bwafatanwe umwe muribo buvuga ’bagiye i bubanza gufasha abagwanyi’’ ababuranira bakaba baragerageje kwerekana kwabo bamenyeshamakuru ataco bapfana n’abagwanyi ikinyamakuru iwacu kikaba carunguruje sentare yiyungurizo ntahangwa ariko sentare yafashe ingingo kubagumiza mumunyororo ikinyamakuru iwacu kikavuga kigiye kwitura sentare ntahinyuzwa b
";600.8521118164062
12;"ururimi rw’ikirundi rubitse ubutunzi bwinshi ivyo ivyagaragariye birori vyo guhimbaza umunsi mpuzamakungu wahariwe ururimi kavukire vyari vyatunganijwe n’ishure kaminuza ry’uburundi ryifadikanije n’ikigo cebulac denis bukuru umwigisha kaminuza gisata c’indimi n’imico kama y’abanyafirika mwari muzi hamaze kwandikwa kirundi ibitabu vy’imitsindo vy’abarangiza kaminuza bishika ijana uyo muhinga aragaragaza ibintu bitandatu abarundi bihendako rurimi rwabo ngo ikirundi kirakenye bukuru arabibeshuza ati ikirundi kirafise amajambo atomoye ashobora gushikiriza ivyumviro birashe vy’ubumenyi n’ubuhinga none uburorero atanga umuyagankuba ikigendajuru imitsi nsanzazamaraso amajambo y’ubuhinga abarundi badafise ariko bakoresha ferdinand mberamihigo avuga ni twaba tuvuga ikirundi gikenye duce twemera n’izindi ndimi zikenye atanga akarorero k’amajambo ururimi rw’ikirundi rufise ariko rurimi rw’igifaransa atabaho canke bataronkera insiguro akarorero gutengata amakaba amarindira hari n’ayandi majambo y’ikirundi yikwije ata jambo rimwe riyasigura rihari gifaransa ni nk’aya guheka gifaransa porter sur le dos ferdinand porter sur le dos nticama gisigura kirundi guheka muri make rurimi rukenye rumwe rwose ruvuga ivyo rukeneye ikirundi ntikirenga imbibe ishwi mama ikirundi kirarenga imbibe mbere kigashika makungu bukuru mu burundi ikirundi kivugwa citwa ikirundi rwanda citwa ikinyarwanda congo citwa ikirundi canke ikinyamurenge tanzaniya kivugwa igiha igihangaza canke igishubi ouganda kivugwa citwa ikivubira mbere kiravugwa mahanga hose ahantu haba abarundi canke masamirizi mpuzamakungu bbc voa ikirundi co kuvuga gusa ahibambe umuhinga denis biratangaje ingene inama ijambo ubutumire bitegurwa kirundi yamara hageze gushikiriza icegeranyo kigatangwa mugifaransa ivyo vyerekana abarundi twibaza ikirundi ico kuvuga gusa hageze kwandika tugakoresha izindi ndimi denis arayica umurya ati mbega nko gukora umugambi ukawandika capa mugifaransa hanyuma ugaca ugishinga murima w’ibigori abagisoma batumva urwo rurimi bisigura ba kimyozi nabo nyene batangaza gifaransa ubuhinga bwabo bafise kumwa kandi bamwa kirundi n’ubundi burorero bwinshi ngo ntawokwandika ubutohoji kirundi dufatiye nko mwanditsi ntahokaja jean baptiste ibice birenga vy’ubutohoji yagize yabwanditse kirundi muri make ibitabo vy’imitsindo bimaze kwandikwa n’abamaze kaminuza birashika ijana ikirundi nticotira amajambo zindi ndimi eka da hari amajambo menshi kirundi dukoresha tutazi neza amarahurano ehe irabire ikawa igitabu ikaramu isaha isahani n’amajambo yatiwe carabu aciye giswahili nk’uko umwigisha bukuru abisigura arabandanya ishati uburengeti imodoka amarahurano ava congereza ijipo ibiharage itabi yavuye gifaransa patiri imisa umukirisu yatiwe muki latini ikirundi coba cononwa n’urwaruka habe n’intete bukuru ukutacitaho kumenya ivya kera tubivuge kirundi kutamenya ivy’ubu kirundi vyo vyonona ururimi kuko abakiri bato barahura ivyo bavuga babikuye kubakuze nsamirizi nama mashengero binyamakuru n’ahandi gertrude kazoviyo ikirundi nticahawe ikibanza gikwiye mashure aha afatira kumasaha make cane ahabwa ikirundi ugereranije n’ururimi rw’igifaransa n’icongereza n
";478.2148742675781
13;"kubibuga vya rfuea bisanzwe vyakira inkino zitunganywa n’ishirahamwe ry’urukino rugby gihugu ca kenya niho hagiye kubera ihiganwa safari sevens rizohuza ibihugu bitandukanye magenekerezo gushika gitugutu uno mwaka ku ncuro yaryo safari sevens rugby ukaba umwe mubwoko bw’umukino rugby umurwi umwumwe uba ugizwe nabakinyi indwi kandi bakina iminota indwi gusa bitandukanye rugby isanzwe ikinwa nabakinyi cumi batanu bakina iminota mirongo ineukaba kandi bumwe mubwoko rugby ikunzwe cane mugabane africa inyuma y’imyaka igera ndwi iryo higanwa ryarahagaze ryaje gusubira gutangura muwaka uheze ubona ryagiye riraramura urwaruka africa rutandukanyeuno mwaka rigarutse n’inguvu nyishi hatumiwe ibihugu vyiyongera kugihugu ca kenya ca tunganije iryo higanwa harimwo ouganda zimbabwe france angleterre canada etats-unis afrique du sud japon ghana italie russie portugal amazinga samurai yatahukanye iryo higanwa mumwaka uheze ndetse n’igihugu cacu c’uburundi ni muriyo ntumbero kuruyu kane igenekerezo gitugutu umurwi nserukira gihugu w’uburundi rugby wafashe urugendo ugana igihugu ca kenya hanashizwe ahabona urutonde rwabakinyi cumi babiri bavuye mumirwi isanzwe ikina mw’ihiganwa ryo ngaha mugihugu cacu ndetse nababaherekeje abo nabo akaba abakinyi nyandwi ntare capitaine ntamavukiro saoul vice-capitaine rukundo philippe hatungimana yvan munezero bien aim kwizera regis hatungimana trsor alimas bigirimana abdul hakizimana blaise do ndihokubwayo mike niyonkuru dsir kamarebo alain uburongozi karekezi boniface coach ndikumana innocent docteur ndikuriyo grard directeur technique national tukabibutsako umurwi serukiragihugu w’uburundi rugby umwe mumirwi idakunze kwitabira amahiganwa abera hanze y’ igihugu rikaba ribaye incuro kabiri uyo murwi witabiriye iryo higanwa safari sevens ryatanguye mumwaka mugihugu ca kenya ca
";656.6115112304688
14;"ivyo vyatanguye igihe abirabure batari bake baturuka gihugu ca nigeria batorwako ingwara coronavirus iyo ngwara ikaba yatanguye kuvurwa murico gihugu nyene c’ubuchinwa gisagara ca wuhan ikaba yaciye ikwira isi nubu ikaba iriko iratikiza inganda ubuchinwa bukaba bwaragerageje kuyigwanya ikaba yariko irahera nihu kuza kandi bayitora kurabo birabure mur’iyi ndwi itanguye abirabure murico gisagara bava bihugu bitandukanye bakaba barafashwe nabi barasohorwa mazu barakwa n’impapuro z’inzira bachinwa bakababwira bashobora kubirukana kubapima kunguvu ivyo bikaba vyateye ishavu ibihugu vyo afrika bitari bike vyaciye vyandikira abaserukira ubuchinwa vyo bihugu babasaba kwisigura kuriyo nyifato igihugu ca afrika yepfo kikabona nyifato ihushanye n’imigenderanire myiza hagati y’ubuchinwa n’ibihugu vy’afrika ubuchinwa burwanya ubukoroni afrika hamwe n’ishingwa ryo gufashanya hagati afrika n’ubuchinwa ivyo bikaba vyatumye abenegihugu b’ibihugu vya afrika bataraba ryiza abachinwa bagiye gukorera mur’ivyo bihugu mbere n’umutekano wabo ugashobora guhungabana nkuko tuvyumva gihugu ca kenya ariko leta y’ubuchinwa ikaba yasutsemwo amazi mabisi mukumenyesha igiye gufata neza abirababure ico gisagara ca guanzou n
";534.3523559570312
15;"umusatirizi w’umufaransa asanzwe akinira umugwi paris st germain mugihugu c’ubufaransa kylian mbapp imyaka inkino ibitsindo ligue bizima bwiwe ntiyigeze amenya abamenyereza benshi mukiganiro yahaye tableau de c uyo mukinyi kera as monaco kylian mbapp yanyeguruye umwe bamenyereza yamye arota kere kumumenyereza murico kiganiro yahaye tableau de c kylian mbapp yavuzeko umumenyereza kera arsenal arsne wenger niwe yakunda kera akiri muto k
";932.5364990234375
16;"kuva ahohamenyekaniye burundi hari abantu bagwaye umugera korona ubwoba nibwinshi banyeshure babandanya bahurira hamwe mashure uwo weseatonda umutima utari nda yibaza hamwe hoba hari umwe bagenziwe yobayaranduye umugera yohava yanduza bigana mg umunyeshure yiga mumakaminuza yigenga gisagara ca bujumbura kuva acumva burundi icokiza cahageze yifatiye ingingo kudasubira gutonda mw’ishure kiretse agiyegukora ikibazo gusa agira urabonamw’ishure tuhahurira tuvuye makaritiye atandukanye hari igihe wosanga hariumunyeshure yaba gace uwatowe mugera yabamwo ugasanga aranduyekubera abanyeshure tuguma duhura wosanga ibigo vyose vyafashwe rero jewe nzobandabangiranzosubirayo gihe mbona bikenewe dufise nk’ikibazo nawe mj yiga kaminuzanderabigisha ens avuga n’ubwo atonda kw’ishure agenda afise ubwobabwinshi agira ntubona bamaze kuvuga hagwaye koronavirisi abantu nibakwira cumi bataratanga itegeko ryokwugara amashure nzoca ntekerautwanje nidugire iwacu ruguru kuko hoho vyopfuma ruza n’uruja ruriyo mazehariho n’abatagitonda kw’ishure iwacu kubera ubwoba naho mashure hafashwe ingingo yukoumunyeshure wese abanza gukaraba n’amazi meza n’isabune imbere kujamw’ishure bamwe banyeshure bavuga ivyo bidahagije kuko bahezagukaraba bagaca bahurira ntebe barenga babiri eka mbere ugasangabaguma batizanya utuntu n’utundi banasamuriranirako mw’ishure gusigaumwanya gihe bavugana hagati ntibidakunda reta y’uburundi iti nimugume bikorwa vyanyu mw’itangazo reta y’uburundi yasohoye ndamukiza irahumurizaabantu boguma mirimo imenyesha kugeza ata zindi ngingozirafatwa kiretse izihasanzwe gukurikiza amabwirizwa y’isuku ahubwo nyabunaihamagarira abantu kutumviriza inkuru zica ivutu gushengeza abakwiragizaibihuha nihagira igihinduka bijanye n’ingingo bizomenyeshwa retaibicishije nzego zibijejwe n’umushikiranganji kubungabunga amagara y’abantu avuga abantu badakwiye kugira ubwobaahubwo borema bakijukira kwikingira bishitse umuntu akagwara mugera ukumenya mugera uvurwa ugakira kubw’ivyo ubushikiranganji kubungabunga amagara y’abantu buhamagarira abantu gutekana bakaguma bikorwa vyabo nk’uko bisanzwe ariko bakitwararika gusumba gukurikiza ingingo ngenderwako zitangwa n’abajejwe amagara y’abantu mwomenya vyo kwitwararikwacane kugira abantu birinde ico kiza ugukaraba kenshi hakoreshejwe amazimeza n’isabune kwirinda kuramukanya indamutso guhoberana canke gukorana muntoke kutikora maso mazuru munwa kutaja migwi ikoraniyemwoabantu benshi gusiga umwanya ungana n’imetero hagati y’umuntu n’uwundikudakororera canke wikokomorere ariho hose kwasamurira ntegey’inkokora n’ibindi n
";827.749755859375
17;"ubushikiranganji bujejwe umutekano hamwe kugwanya ibiza bumenyeshako mezi atatu aheze hakozwe amasaka suzumwa gihugu cose muriyo hakaba harafashwe abagizi nabi hamwe n’ibikoresho bitandukanye vyakoreshwa nabo mu kiganiro umushikiranganji w’umutekano hamwe kugwanya ibiza yahaye abamenyeshamakuru ariko ashikiriza ivyaranguwe mezi atatu ahezecpc alain guillaume bunyoni yavuze mezi aheze abagizi nabi bashika bashoboye gufatwaimirwi y’abagizi nabi nayo irasamburwa cpc alain guillaume bunyoni avuga ibigwanisho vyafashwe murayo mezi atatu inkoho bwoko kalachnikov inkoho pistolets inkoho simonovinkoho mugoboreibisasu ntezwantoke ibikono vy’amasasu hamwe n’amasasu uwo mushikiranganji avuga kandi murico kiringo amaritiro n’ibice y’inzoga zitemewe n’amategeko zafashwe zongere ziraseswa kandi hafashwe n’ibiro vy’umumogiudutu tw’urumogi hamwe n’uduti duteye vy’urumogi arivyo vyafashwe n
";625.4493408203125
18;"""Achụrụ nwunye m na ọrụ mgbe Naịjirịa na ndị MTN nwere nsogbụ ọ were metụta ebe o na aru ọrụ. Okwu MTN ahu metutakwara ọtụtụ ụlọ ọrụ ha na ha na arụkọ ọrụ ka MTN ekweghị inye ha contract. A mam ọtụtụ ndị mmadu na arụbụ ọrụ na Proctor and Gamble, mana achụkwara ha n'ọrụ mgbe ụlọ ọrụ ahụ chụrụ oke anọ ndi ọrụ ha. Yabu ịhe metutara ọtụtụ mmadu,"" Ka Cheta Nwanze siri kwu. A
";767.5841674804688
19;"Ọ sị na ""nchọpụta ndị NBS na-akowa na ọrụ mmepụta mmanụ agbịdị agaghị n'ihu ka ọ sị kwesi. Nke a na egosị na agbaneghi na ego batara na ọrụ gbasatara mmanụ agbịdị, madụ ole ka ana ewo na ọrụ na mpaghara a? Mgbe e mere mgbakọ, ị ga ahụ na ịhe sirị ike ọfụma"" na
";332.05615234375
20;"Mutiu Adepoju, onye ya na Keshi gbakọrọ Naijiria bọọlụ, gwara BBC na, ""Keshi bụ onye hụrụ ndị mmadụ n'anya. Echetara m oge m banyere ""National Team"" mgbe ahụ ọ bụ onye ndu anyị, ọ bụ ezi onye ndu. Keshi bụ onye a ma ama. Ọ nọzịghị ndụ mana a ga-eji ihe ọma ndị o mere mgbe ọ dị ndụ were na-echeta ya.""
";239.94210815429688
21;"
";
22;"Sanchez ga-esokwa na asọmpị ndi Red Devils na otu di iche iche na English premier League akpọrọ FA cup ga-agba n'ubọchị ịrị na isii na ọnwa Januwari.
";1462.8331298828125
23;"
";
24;"Akwụkwọ akụkọ ekwubuola na Gọvanọ Okorocha sị na ya ga-enye ndị na achị ehị ala n'Imo Steeti nke ọtụtụ ndị Igbo katọrọ na ezoghị ọnụ. BBC Igbo gbara mbọ I kwuru Oje ozi Rochas maka mgbasa ozi mana nwaamadị ahụ bawara BBC mba gbanuọ ekwenti ya. BBC
";1236.3199462890625
25;"""Ndiuweojii na ndị agha mmiri nyere ndị Lagos State Emergency Management Agency (NEMA) enyemaka ịmenyụ ọkụ ahụ n'elekere atọ na nkeji iri atọ nke ehihe""n
";1751.971923828125
26;"Osote onye-isi ndị ome-iwu Naịjirịa bụ Ike Ekweremadu ekwuola na ike agwụla ndị Sịnatị iji otu nkeji darajụụ akwanyere ndị egburu n'ime oke ọgbaghara dị na Naịjirịa oge ọ bula.
";516.2911376953125
27;"
";
28;"Cheta n'otu ịzụka gara-aga ka emere akwam ozu mmadụ ruru iri asaa egburu na Local Gọọmenti Logo na Guma nke Benue Steeti, e be ihe kariri mmadụ iri ise ka akụkọ kwuru n'egburu na Taraba Steeti.
";727.4063110351562
29;"
";
30;"Ekweremadu gosiri iwe gbasara ogbugbu ndị mmadụ na nzukọ ndị ome-iwu n'ụbọchị taa, kwuo na Naịjirịa ga-ebu ụzọ nwe udo na nchekwa, tupu e kwuowa okwu iwulite obodo.
";797.628173828125
31;"
";
32;"O kwuru sị: ""Ọ hịara m ahụ ị cheta ihe ndị a, ma na-agbawa m obi na ịlaghachi azụ ebe ahụ o mere dị mkpa na imezu ebumnobi m maka ị ga asọmpị Tokyo n'afọ 2020.""
";373.8523864746094
33;"
";
