{"./ft-query-response/bloom/7_bloom-350m": 658.2444240025112, "./ft-query-response/bloom/5_bloom-350m": 697.4973373413086, "./ft-query-response/bloom/0_bloom-350m": 677.6587513514927, "./ft-query-response/bloom/3_bloom-350m": 673.8528376988003, "./ft-query-response/bloom/2_bloom-350m": 645.7546348571777, "./ft-query-response/bloom/6_bloom-350m": 657.3921922956195, "./ft-query-response/bloom/8_bloom-350m": 646.2182508196149, "./ft-query-response/bloom/1_bloom-350m": 674.4340744018555, "./ft-query-response/bloom/4_bloom-350m": 669.8774283272879, "./ft-query-response/bloom/11_bloom-350m": 665.2147783551898, "./ft-query-response/bloom/10_bloom-350m": 489.4164872850691, "./ft-query-response/bloom//bloom-350m_bloom-350m": 633.3209947858538}