{"./ft-query-response/bloom/7_bloom-2b5": 154.6084442138672, "./ft-query-response/bloom/5_bloom-2b5": 157.46380914960588, "./ft-query-response/bloom/0_bloom-2b5": 153.35047313145228, "./ft-query-response/bloom/3_bloom-2b5": 152.44064004080636, "./ft-query-response/bloom/2_bloom-2b5": 148.5107786996024, "./ft-query-response/bloom/6_bloom-2b5": 153.17280169895716, "./ft-query-response/bloom/8_bloom-2b5": 150.77279118129186, "./ft-query-response/bloom/1_bloom-2b5": 153.23370007106237, "./ft-query-response/bloom/4_bloom-2b5": 152.7142333984375, "./ft-query-response/bloom/11_bloom-2b5": 153.01137842450822, "./ft-query-response/bloom/10_bloom-2b5": 159.3353806223188}