Ende August 2004 leitete ich die erste unserer Leserreisen durch Südafrika, weitere sollten folgen. Immer wieder waren die Reisenden begeistert von dem ausgefeilten Programm DAS WIRKLICHE SÜDAFRIKA ERLEBEN Eine ganz große Begeisterung für Südafrika brachten nach einer faszinierenden Tour die Standpunkte-Leserreisenden im September mit nach Hause.

Wir freuen uns sehr, dass Sie sich für unsere Schule interessieren! Auf den folgenden Seiten stellen wir unsere Schule vor und geben Einblick in Projekte und Aktionen. Für Rückfragen und Anregungen benutzen Sie bitte das Kontaktformular an den Administrator. Alle wichtigen Informationen von A, wie Adressänderung, bis Z, wie Zeugnisse, finden Sie in unserem "Eltern-ABC" und im Bereich "Für Eltern". Aktuell befindet sich unsere Homepage in Überarbeitung und es wird Ihnen nur die Startseite angezeigt. Wir bitten um Ihr Verständnis! I
Er betrieb von 1647 bis 1651 humanistische Studien sowie Jus publicum und privatum (öffentliches und privates Recht) an der Universität Wittenberg; anschließend unternahm er Reisen durch Frankreich, England, Holland und Italien. Bei
1643 sollte er am königlichen Hof in Dänemark studieren, wurde jedoch auf Verlangen des Kurprinzen Johann Georg II. dessen Kammerpage am kurfürstlichen Hof in Dresden. Bei
In Berlin sind 13 Wasserschutzgebiete auf einer Fläche von rund 212 km² durch Wasserschutzgebietsverordnungen ausgewiesen. Im Verhältnis zur Gesamtstadtfläche von rund 890 km² sind damit etwa ein Viertel des Stadtgebietes als Wasserschutzgebiete ausgewiesen. F
Μπότα ακινητοποίησης ποδοκνημικής από πλαστικό επενδεδυμένο και αφρώδες υλικό, δέστρες για καλύτερη στήριξη με αεροθάλαμο που φουσκώνει για καλύτερη ρύθμιση της πίεσης. Για ακινητοποίηση της ποδοκνημικής άρθρωσης.

Προκαθορισμένη ταξινόμηση Ταξινόμηση με βάση τη δημοφιλία Ταξινόμηση ανά νεότητα Ταξινόμηση ανά τιμή: χαμηλή προς υψηλή Ταξινόμηση ανά τιμή: υψηλή προς χαμηλή Εγγραφείτε στο Alche-mist για να λαμβάνετε στο mail σας ενημερώσεις για όλες τις νέες παραλαβές μας, ειδικές προσφορές μόνο Τα cookies βοηθούν στη βελτίωση των υπηρεσιών που σου παρέχουμε. Με τη χρήση του site και των υπηρεσιών μας, αποδέχεσαι την χρήση τους.

ΣΧΟΛΙΚΕΣ ΔΡΑΣΤΗΡΙΟΤΗΤΕΣ ΚΑΙ ΕΙΔΙΚΗ ΑΓΩΓΗ: ΤΟ ΨΩΜΙ ΚΑΙ Η ΕΛΙΑ :Η Λαϊκή τέχνη και η εφαρμογή ενός εικαστικού προγράμματος σε παιδιά με νοητική υστέρηση. ΤΟ ΨΩΜΙ ΚΑΙ Η ΕΛΙΑ :Η Λαϊκή τέχνη και η εφαρμογή ενός εικαστικού προγράμματος σε παιδιά με νοητική υστέρηση.

Προεπιλεγμένη ταξινόμηση Ταξινόμηση ανά δημοφιλία Ταξινόμηση κατά μέσο όρου αξιολόγησης Ταξινόμηση σύμφωνα με το πιο καινούριο Ταξινόμηση ανά τιμή - χαμηλή σε υψηλή Ταξινόμηση ανά τιμή - υψηλή σε χαμηλή Χρησιμοποιούμε cookies για να σας προσφέρουμε την καλύτερη δυνατή εμπειρία στη σελίδα μας. Εάν συνεχίσετε να χρησιμοποιείτε τη σελίδα, θα υποθέσουμε πως είστε ικανοποιημένοι με αυτό.Εντάξει �
Σχετικά με το θέμα του εξασθενούς χρωμίου η ΔΕΗ πρότεινε και προτείνει, την προσφυγή, με δαπάνη της, σε έγκριτο Επιστημονικό Οργανισμό, κοινής αποδοχής Δημοσιεύτηκε η προκήρυξη για τη θέση του «Καλλιτεχνικού Διευθυντή» στο Δημοτικό Περιφερειακό Θέατρο Κοζάνης Με απόφαση του Δημάρχου Βοΐου, Δημητρίου Λαμπρόπουλου, αύριο, Πέμπτη 1 Δεκεμβρίου 2016, τα σχολεία της Πρωτοβάθμιας και Δευτεροβάθμιας Εκπαίδευσης στο Δήμο Βοΐου θα ανοίξουν στις 9:00π.μ. Οι Δημοτικοί Παιδικοί Σταθμοί θα λειτουργήσουν κανονικά.

神社などへ一緒に同行して、様々な角度のショットで家族写真やお子様の写真を撮影致します！お好みに合わせて様々な写真を取ることができますので、その場でカメラマンへのリクエストも可能です！お子様の晴れ姿を、緊張していない自然な笑顔で残しませんか？ ※七五三の対象者が1名のプランです。ご兄弟、ご友人様もご一緒になどと、主役が2名、3名と複数名いらっしゃる場合は、＋5,000円（税抜）/1名の別途料金が発生いたします。（納品枚数＋約15カット、撮影時間＋20分/1名） ※撮影神社、宮社によっては撮影許可料（3,000円ほど）が別途発生いたす場所がございます。こちらは弊社撮影料金には含まれておりませんので、事前に撮影希望神社へお客様よりご確認、お支払いをお願いしております。ご確認の程よろしくお願いいたします。シ
◎正当な理由による書き込みの削除について：1レス￥５０００円　1スレ￥２００００円の技術作業料が発生します。一回分だけの料金で当方管理下の全サイトで作業が実施されます。支払い方法はAmazonギフト券番号。連絡先は当サイトの登録emailへ。」
フィリップ・コトラー（Philip Kotler、1931年 – ）は、アメリカ合衆国の経営学者。シカゴ大学で修士号を、マサチューセッツ工科大学で博士号を取得。ノースウェスタン大学ケロッグ・スクール教授。現代マーケティングの第一人者として知られ、日本でも数多くの著書が翻訳されるとともに、解説本なども出版されている。ハ
日本語（族）の系統は明らかでなく、1963年や1978年の書物では、「いくつかの理論仮説があるが、いまだ総意を得るに至っていない[25][26]」と記述された。学問的にどの系統だとも断言できないので、言語学的にはしばしば『孤立した言語』と分類されることが多い。 「
地質学的には氷河時代と言われる第四紀の更新世の終末から完新世初頭までである。ヨーロッパの考古学時代区分でいえば後期旧石器時代におおむね相当するこ
Говард Картер (также Хауард Картер или Хоуард Картер; англ. Howard Carter; 9 мая 1874 года, Бромптон, Кенсингтон и Челси, Лондон — 2 марта 1939 года, Лондон, Великобритания) — английский археолог и египтолог, совершивший в 1922 году в Долине Царей близ Луксора открытие гробницы Тутанхамона (KV62), признанное одним из решающих и наиболее известных событий в египтологии.

Несмотря на вспышку египтомании, порождённой открытием Картера, археолог скончался в относительной безвестности. Лишь к 70-летию открытия гробницы Тутанхамона в 1992—1993 годах Британский музей провёл энциклопедическую выставку, было издано несколько биографий Говарда Картера.

Стебли двулетних и многолетних травянистых растений тоже отмирают в конце вегетационного периода, но часть растения выживает под землёй или близко к земле от сезона к сезону (для двулетних растений только до следующего сезона, когда они выпускают цветок и затем отмирают). Новый стебель развивается из живых тканей, оставшиеся на земле и под землёй, в том числе это корни, каудекс (утолщённая часть стебля на уровне земли) и различные типы подземных побегов, таких, как луковицы, клубнелуковицы, столоны, корневища и клубни.

Некоторые сравнительно быстро растущие травянистые растения (особенно однолетние) являются растениями-пионерами, первыми заселяющими новые места обитания и определяющими анагенез растительных видов. Другие растительные виды формируют основную растительность многих стабильных сред обитания, развивающихся, например, в приземном слое лесов или в естественных открытых средах обитания, таких как луга, солончаки или пустыни.

Человек издавна использует различные виды трав для бытовых и хозяйственных нужд. В широких масштабах развито их культивирование для пищевых целей, а также в качестве корма для домашних животных.

