{"ft_output": {"0": "Ende August 2004 leitete ich die erste unserer Leserreisen durch S\u00fcdafrika, weitere sollten folgen. Immer wieder waren die Reisenden begeistert von dem ausgefeilten Programm DAS WIRKLICHE S\u00dcDAFRIKA ERLEBEN Eine ganz gro\u00dfe Begeisterung f\u00fcr S\u00fcdafrika brachten nach einer faszinierenden Tour die Standpunkte-Leserreisenden im September mit nach Hause. \ufffd", "1": "Wir freuen uns sehr, dass Sie sich f\u00fcr unsere Schule interessieren! Auf den folgenden Seiten stellen wir unsere Schule vor und geben Einblick in Projekte und Aktionen. F\u00fcr R\u00fcckfragen und Anregungen benutzen Sie bitte das Kontaktformular an den Administrator. Alle wichtigen Informationen von A, wie Adress\u00e4nderung, bis Z, wie Zeugnisse, finden Sie in unserem \"Eltern-ABC\" und im Bereich \"F\u00fcr Eltern\". Aktuell befindet sich unsere Homepage in \u00dcberarbeitung und es wird Ihnen nur die Startseite angezeigt. Wir bitten um Ihr Verst\u00e4ndnis!", "2": "Er betrieb von 1647 bis 1651 humanistische Studien sowie Jus publicum und privatum (\u00f6ffentliches und privates Recht) an der Universit\u00e4t Wittenberg; anschlie\u00dfend unternahm er Reisen durch Frankreich, England, Holland und Italien. D", "3": "1643 sollte er am k\u00f6niglichen Hof in D\u00e4nemark studieren, wurde jedoch auf Verlangen des Kurprinzen Johann Georg II. dessen Kammerpage am kurf\u00fcrstlichen Hof in Dresden. Das", "4": "In Berlin sind 13 Wasserschutzgebiete auf einer Fl\u00e4che von rund 212 km\u00b2 durch Wasserschutzgebietsverordnungen ausgewiesen. Im Verh\u00e4ltnis zur Gesamtstadtfl\u00e4che von rund 890 km\u00b2 sind damit etwa ein Viertel des Stadtgebietes als Wasserschutzgebiete ausgewiesen. Z", "5": "\u039c\u03c0\u03cc\u03c4\u03b1 \u03b1\u03ba\u03b9\u03bd\u03b7\u03c4\u03bf\u03c0\u03bf\u03af\u03b7\u03c3\u03b7\u03c2 \u03c0\u03bf\u03b4\u03bf\u03ba\u03bd\u03b7\u03bc\u03b9\u03ba\u03ae\u03c2 \u03b1\u03c0\u03cc \u03c0\u03bb\u03b1\u03c3\u03c4\u03b9\u03ba\u03cc \u03b5\u03c0\u03b5\u03bd\u03b4\u03b5\u03b4\u03c5\u03bc\u03ad\u03bd\u03bf \u03ba\u03b1\u03b9 \u03b1\u03c6\u03c1\u03ce\u03b4\u03b5\u03c2 \u03c5\u03bb\u03b9\u03ba\u03cc, \u03b4\u03ad\u03c3\u03c4\u03c1\u03b5\u03c2 \u03b3\u03b9\u03b1 \u03ba\u03b1\u03bb\u03cd\u03c4\u03b5\u03c1\u03b7 \u03c3\u03c4\u03ae\u03c1\u03b9\u03be\u03b7 \u03bc\u03b5 \u03b1\u03b5\u03c1\u03bf\u03b8\u03ac\u03bb\u03b1\u03bc\u03bf \u03c0\u03bf\u03c5 \u03c6\u03bf\u03c5\u03c3\u03ba\u03ce\u03bd\u03b5\u03b9 \u03b3\u03b9\u03b1 \u03ba\u03b1\u03bb\u03cd\u03c4\u03b5\u03c1\u03b7 \u03c1\u03cd\u03b8\u03bc\u03b9\u03c3\u03b7 \u03c4\u03b7\u03c2 \u03c0\u03af\u03b5\u03c3\u03b7\u03c2. \u0393\u03b9\u03b1 \u03b1\u03ba\u03b9\u03bd\u03b7\u03c4\u03bf\u03c0\u03bf\u03af\u03b7\u03c3\u03b7 \u03c4\u03b7\u03c2 \u03c0\u03bf\u03b4\u03bf\u03ba\u03bd\u03b7\u03bc\u03b9\u03ba\u03ae\u03c2 \u03ac\u03c1\u03b8\u03c1\u03c9\u03c3\u03b7\u03c2. \u03b1", "6": "\u03a0\u03c1\u03bf\u03ba\u03b1\u03b8\u03bf\u03c1\u03b9\u03c3\u03bc\u03ad\u03bd\u03b7 \u03c4\u03b1\u03be\u03b9\u03bd\u03cc\u03bc\u03b7\u03c3\u03b7 \u03a4\u03b1\u03be\u03b9\u03bd\u03cc\u03bc\u03b7\u03c3\u03b7 \u03bc\u03b5 \u03b2\u03ac\u03c3\u03b7 \u03c4\u03b7 \u03b4\u03b7\u03bc\u03bf\u03c6\u03b9\u03bb\u03af\u03b1 \u03a4\u03b1\u03be\u03b9\u03bd\u03cc\u03bc\u03b7\u03c3\u03b7 \u03b1\u03bd\u03ac \u03bd\u03b5\u03cc\u03c4\u03b7\u03c4\u03b1 \u03a4\u03b1\u03be\u03b9\u03bd\u03cc\u03bc\u03b7\u03c3\u03b7 \u03b1\u03bd\u03ac \u03c4\u03b9\u03bc\u03ae: \u03c7\u03b1\u03bc\u03b7\u03bb\u03ae \u03c0\u03c1\u03bf\u03c2 \u03c5\u03c8\u03b7\u03bb\u03ae \u03a4\u03b1\u03be\u03b9\u03bd\u03cc\u03bc\u03b7\u03c3\u03b7 \u03b1\u03bd\u03ac \u03c4\u03b9\u03bc\u03ae: \u03c5\u03c8\u03b7\u03bb\u03ae \u03c0\u03c1\u03bf\u03c2 \u03c7\u03b1\u03bc\u03b7\u03bb\u03ae \u0395\u03b3\u03b3\u03c1\u03b1\u03c6\u03b5\u03af\u03c4\u03b5 \u03c3\u03c4\u03bf Alche-mist \u03b3\u03b9\u03b1 \u03bd\u03b1 \u03bb\u03b1\u03bc\u03b2\u03ac\u03bd\u03b5\u03c4\u03b5 \u03c3\u03c4\u03bf mail \u03c3\u03b1\u03c2 \u03b5\u03bd\u03b7\u03bc\u03b5\u03c1\u03ce\u03c3\u03b5\u03b9\u03c2 \u03b3\u03b9\u03b1 \u03cc\u03bb\u03b5\u03c2 \u03c4\u03b9\u03c2 \u03bd\u03ad\u03b5\u03c2 \u03c0\u03b1\u03c1\u03b1\u03bb\u03b1\u03b2\u03ad\u03c2 \u03bc\u03b1\u03c2, \u03b5\u03b9\u03b4\u03b9\u03ba\u03ad\u03c2 \u03c0\u03c1\u03bf\u03c3\u03c6\u03bf\u03c1\u03ad\u03c2 \u03bc\u03cc\u03bd\u03bf \u03a4\u03b1 cookies \u03b2\u03bf\u03b7\u03b8\u03bf\u03cd\u03bd \u03c3\u03c4\u03b7 \u03b2\u03b5\u03bb\u03c4\u03af\u03c9\u03c3\u03b7 \u03c4\u03c9\u03bd \u03c5\u03c0\u03b7\u03c1\u03b5\u03c3\u03b9\u03ce\u03bd \u03c0\u03bf\u03c5 \u03c3\u03bf\u03c5 \u03c0\u03b1\u03c1\u03ad\u03c7\u03bf\u03c5\u03bc\u03b5. \u039c\u03b5 \u03c4\u03b7 \u03c7\u03c1\u03ae\u03c3\u03b7 \u03c4\u03bf\u03c5 site \u03ba\u03b1\u03b9 \u03c4\u03c9\u03bd \u03c5\u03c0\u03b7\u03c1\u03b5\u03c3\u03b9\u03ce\u03bd \u03bc\u03b1\u03c2, \u03b1\u03c0\u03bf\u03b4\u03ad\u03c7\u03b5\u03c3\u03b1\u03b9 \u03c4\u03b7\u03bd \u03c7\u03c1\u03ae\u03c3\u03b7 \u03c4\u03bf\u03c5\u03c2. \ufffd", "7": "\u03a3\u03a7\u039f\u039b\u0399\u039a\u0395\u03a3 \u0394\u03a1\u0391\u03a3\u03a4\u0397\u03a1\u0399\u039f\u03a4\u0397\u03a4\u0395\u03a3 \u039a\u0391\u0399 \u0395\u0399\u0394\u0399\u039a\u0397 \u0391\u0393\u03a9\u0393\u0397: \u03a4\u039f \u03a8\u03a9\u039c\u0399 \u039a\u0391\u0399 \u0397 \u0395\u039b\u0399\u0391 :\u0397 \u039b\u03b1\u03ca\u03ba\u03ae \u03c4\u03ad\u03c7\u03bd\u03b7 \u03ba\u03b1\u03b9 \u03b7 \u03b5\u03c6\u03b1\u03c1\u03bc\u03bf\u03b3\u03ae \u03b5\u03bd\u03cc\u03c2 \u03b5\u03b9\u03ba\u03b1\u03c3\u03c4\u03b9\u03ba\u03bf\u03cd \u03c0\u03c1\u03bf\u03b3\u03c1\u03ac\u03bc\u03bc\u03b1\u03c4\u03bf\u03c2 \u03c3\u03b5 \u03c0\u03b1\u03b9\u03b4\u03b9\u03ac \u03bc\u03b5 \u03bd\u03bf\u03b7\u03c4\u03b9\u03ba\u03ae \u03c5\u03c3\u03c4\u03ad\u03c1\u03b7\u03c3\u03b7. \u03a4\u039f \u03a8\u03a9\u039c\u0399 \u039a\u0391\u0399 \u0397 \u0395\u039b\u0399\u0391 :\u0397 \u039b\u03b1\u03ca\u03ba\u03ae \u03c4\u03ad\u03c7\u03bd\u03b7 \u03ba\u03b1\u03b9 \u03b7 \u03b5\u03c6\u03b1\u03c1\u03bc\u03bf\u03b3\u03ae \u03b5\u03bd\u03cc\u03c2 \u03b5\u03b9\u03ba\u03b1\u03c3\u03c4\u03b9\u03ba\u03bf\u03cd \u03c0\u03c1\u03bf\u03b3\u03c1\u03ac\u03bc\u03bc\u03b1\u03c4\u03bf\u03c2 \u03c3\u03b5 \u03c0\u03b1\u03b9\u03b4\u03b9\u03ac \u03bc\u03b5 \u03bd\u03bf\u03b7\u03c4\u03b9\u03ba\u03ae \u03c5\u03c3\u03c4\u03ad\u03c1\u03b7\u03c3\u03b7. \ufffd", "8": "\u03a0\u03c1\u03bf\u03b5\u03c0\u03b9\u03bb\u03b5\u03b3\u03bc\u03ad\u03bd\u03b7 \u03c4\u03b1\u03be\u03b9\u03bd\u03cc\u03bc\u03b7\u03c3\u03b7 \u03a4\u03b1\u03be\u03b9\u03bd\u03cc\u03bc\u03b7\u03c3\u03b7 \u03b1\u03bd\u03ac \u03b4\u03b7\u03bc\u03bf\u03c6\u03b9\u03bb\u03af\u03b1 \u03a4\u03b1\u03be\u03b9\u03bd\u03cc\u03bc\u03b7\u03c3\u03b7 \u03ba\u03b1\u03c4\u03ac \u03bc\u03ad\u03c3\u03bf \u03cc\u03c1\u03bf\u03c5 \u03b1\u03be\u03b9\u03bf\u03bb\u03cc\u03b3\u03b7\u03c3\u03b7\u03c2 \u03a4\u03b1\u03be\u03b9\u03bd\u03cc\u03bc\u03b7\u03c3\u03b7 \u03c3\u03cd\u03bc\u03c6\u03c9\u03bd\u03b1 \u03bc\u03b5 \u03c4\u03bf \u03c0\u03b9\u03bf \u03ba\u03b1\u03b9\u03bd\u03bf\u03cd\u03c1\u03b9\u03bf \u03a4\u03b1\u03be\u03b9\u03bd\u03cc\u03bc\u03b7\u03c3\u03b7 \u03b1\u03bd\u03ac \u03c4\u03b9\u03bc\u03ae - \u03c7\u03b1\u03bc\u03b7\u03bb\u03ae \u03c3\u03b5 \u03c5\u03c8\u03b7\u03bb\u03ae \u03a4\u03b1\u03be\u03b9\u03bd\u03cc\u03bc\u03b7\u03c3\u03b7 \u03b1\u03bd\u03ac \u03c4\u03b9\u03bc\u03ae - \u03c5\u03c8\u03b7\u03bb\u03ae \u03c3\u03b5 \u03c7\u03b1\u03bc\u03b7\u03bb\u03ae \u03a7\u03c1\u03b7\u03c3\u03b9\u03bc\u03bf\u03c0\u03bf\u03b9\u03bf\u03cd\u03bc\u03b5 cookies \u03b3\u03b9\u03b1 \u03bd\u03b1 \u03c3\u03b1\u03c2 \u03c0\u03c1\u03bf\u03c3\u03c6\u03ad\u03c1\u03bf\u03c5\u03bc\u03b5 \u03c4\u03b7\u03bd \u03ba\u03b1\u03bb\u03cd\u03c4\u03b5\u03c1\u03b7 \u03b4\u03c5\u03bd\u03b1\u03c4\u03ae \u03b5\u03bc\u03c0\u03b5\u03b9\u03c1\u03af\u03b1 \u03c3\u03c4\u03b7 \u03c3\u03b5\u03bb\u03af\u03b4\u03b1 \u03bc\u03b1\u03c2. \u0395\u03ac\u03bd \u03c3\u03c5\u03bd\u03b5\u03c7\u03af\u03c3\u03b5\u03c4\u03b5 \u03bd\u03b1 \u03c7\u03c1\u03b7\u03c3\u03b9\u03bc\u03bf\u03c0\u03bf\u03b9\u03b5\u03af\u03c4\u03b5 \u03c4\u03b7 \u03c3\u03b5\u03bb\u03af\u03b4\u03b1, \u03b8\u03b1 \u03c5\u03c0\u03bf\u03b8\u03ad\u03c3\u03bf\u03c5\u03bc\u03b5 \u03c0\u03c9\u03c2 \u03b5\u03af\u03c3\u03c4\u03b5 \u03b9\u03ba\u03b1\u03bd\u03bf\u03c0\u03bf\u03b9\u03b7\u03bc\u03ad\u03bd\u03bf\u03b9 \u03bc\u03b5 \u03b1\u03c5\u03c4\u03cc.\u0395\u03bd\u03c4\u03ac\u03be\u03b5\u03b9 \ufffd", "9": "\u03a3\u03c7\u03b5\u03c4\u03b9\u03ba\u03ac \u03bc\u03b5 \u03c4\u03bf \u03b8\u03ad\u03bc\u03b1 \u03c4\u03bf\u03c5 \u03b5\u03be\u03b1\u03c3\u03b8\u03b5\u03bd\u03bf\u03cd\u03c2 \u03c7\u03c1\u03c9\u03bc\u03af\u03bf\u03c5 \u03b7 \u0394\u0395\u0397 \u03c0\u03c1\u03cc\u03c4\u03b5\u03b9\u03bd\u03b5 \u03ba\u03b1\u03b9 \u03c0\u03c1\u03bf\u03c4\u03b5\u03af\u03bd\u03b5\u03b9, \u03c4\u03b7\u03bd \u03c0\u03c1\u03bf\u03c3\u03c6\u03c5\u03b3\u03ae, \u03bc\u03b5 \u03b4\u03b1\u03c0\u03ac\u03bd\u03b7 \u03c4\u03b7\u03c2, \u03c3\u03b5 \u03ad\u03b3\u03ba\u03c1\u03b9\u03c4\u03bf \u0395\u03c0\u03b9\u03c3\u03c4\u03b7\u03bc\u03bf\u03bd\u03b9\u03ba\u03cc \u039f\u03c1\u03b3\u03b1\u03bd\u03b9\u03c3\u03bc\u03cc, \u03ba\u03bf\u03b9\u03bd\u03ae\u03c2 \u03b1\u03c0\u03bf\u03b4\u03bf\u03c7\u03ae\u03c2 \u0394\u03b7\u03bc\u03bf\u03c3\u03b9\u03b5\u03cd\u03c4\u03b7\u03ba\u03b5 \u03b7 \u03c0\u03c1\u03bf\u03ba\u03ae\u03c1\u03c5\u03be\u03b7 \u03b3\u03b9\u03b1 \u03c4\u03b7 \u03b8\u03ad\u03c3\u03b7 \u03c4\u03bf\u03c5 \u00ab\u039a\u03b1\u03bb\u03bb\u03b9\u03c4\u03b5\u03c7\u03bd\u03b9\u03ba\u03bf\u03cd \u0394\u03b9\u03b5\u03c5\u03b8\u03c5\u03bd\u03c4\u03ae\u00bb \u03c3\u03c4\u03bf \u0394\u03b7\u03bc\u03bf\u03c4\u03b9\u03ba\u03cc \u03a0\u03b5\u03c1\u03b9\u03c6\u03b5\u03c1\u03b5\u03b9\u03b1\u03ba\u03cc \u0398\u03ad\u03b1\u03c4\u03c1\u03bf \u039a\u03bf\u03b6\u03ac\u03bd\u03b7\u03c2 \u039c\u03b5 \u03b1\u03c0\u03cc\u03c6\u03b1\u03c3\u03b7 \u03c4\u03bf\u03c5 \u0394\u03b7\u03bc\u03ac\u03c1\u03c7\u03bf\u03c5 \u0392\u03bf\u0390\u03bf\u03c5, \u0394\u03b7\u03bc\u03b7\u03c4\u03c1\u03af\u03bf\u03c5 \u039b\u03b1\u03bc\u03c0\u03c1\u03cc\u03c0\u03bf\u03c5\u03bb\u03bf\u03c5, \u03b1\u03cd\u03c1\u03b9\u03bf, \u03a0\u03ad\u03bc\u03c0\u03c4\u03b7 1 \u0394\u03b5\u03ba\u03b5\u03bc\u03b2\u03c1\u03af\u03bf\u03c5 2016, \u03c4\u03b1 \u03c3\u03c7\u03bf\u03bb\u03b5\u03af\u03b1 \u03c4\u03b7\u03c2 \u03a0\u03c1\u03c9\u03c4\u03bf\u03b2\u03ac\u03b8\u03bc\u03b9\u03b1\u03c2 \u03ba\u03b1\u03b9 \u0394\u03b5\u03c5\u03c4\u03b5\u03c1\u03bf\u03b2\u03ac\u03b8\u03bc\u03b9\u03b1\u03c2 \u0395\u03ba\u03c0\u03b1\u03af\u03b4\u03b5\u03c5\u03c3\u03b7\u03c2 \u03c3\u03c4\u03bf \u0394\u03ae\u03bc\u03bf \u0392\u03bf\u0390\u03bf\u03c5 \u03b8\u03b1 \u03b1\u03bd\u03bf\u03af\u03be\u03bf\u03c5\u03bd \u03c3\u03c4\u03b9\u03c2 9:00\u03c0.\u03bc. \u039f\u03b9 \u0394\u03b7\u03bc\u03bf\u03c4\u03b9\u03ba\u03bf\u03af \u03a0\u03b1\u03b9\u03b4\u03b9\u03ba\u03bf\u03af \u03a3\u03c4\u03b1\u03b8\u03bc\u03bf\u03af \u03b8\u03b1 \u03bb\u03b5\u03b9\u03c4\u03bf\u03c5\u03c1\u03b3\u03ae\u03c3\u03bf\u03c5\u03bd \u03ba\u03b1\u03bd\u03bf\u03bd\u03b9\u03ba\u03ac. \u03bc", "10": "\u795e\u793e\u306a\u3069\u3078\u4e00\u7dd2\u306b\u540c\u884c\u3057\u3066\u3001\u69d8\u3005\u306a\u89d2\u5ea6\u306e\u30b7\u30e7\u30c3\u30c8\u3067\u5bb6\u65cf\u5199\u771f\u3084\u304a\u5b50\u69d8\u306e\u5199\u771f\u3092\u64ae\u5f71\u81f4\u3057\u307e\u3059\uff01\u304a\u597d\u307f\u306b\u5408\u308f\u305b\u3066\u69d8\u3005\u306a\u5199\u771f\u3092\u53d6\u308b\u3053\u3068\u304c\u3067\u304d\u307e\u3059\u306e\u3067\u3001\u305d\u306e\u5834\u3067\u30ab\u30e1\u30e9\u30de\u30f3\u3078\u306e\u30ea\u30af\u30a8\u30b9\u30c8\u3082\u53ef\u80fd\u3067\u3059\uff01\u304a\u5b50\u69d8\u306e\u6674\u308c\u59ff\u3092\u3001\u7dca\u5f35\u3057\u3066\u3044\u306a\u3044\u81ea\u7136\u306a\u7b11\u9854\u3067\u6b8b\u3057\u307e\u305b\u3093\u304b\uff1f \u203b\u4e03\u4e94\u4e09\u306e\u5bfe\u8c61\u8005\u304c1\u540d\u306e\u30d7\u30e9\u30f3\u3067\u3059\u3002\u3054\u5144\u5f1f\u3001\u3054\u53cb\u4eba\u69d8\u3082\u3054\u4e00\u7dd2\u306b\u306a\u3069\u3068\u3001\u4e3b\u5f79\u304c2\u540d\u30013\u540d\u3068\u8907\u6570\u540d\u3044\u3089\u3063\u3057\u3083\u308b\u5834\u5408\u306f\u3001\uff0b5,000\u5186\uff08\u7a0e\u629c\uff09/1\u540d\u306e\u5225\u9014\u6599\u91d1\u304c\u767a\u751f\u3044\u305f\u3057\u307e\u3059\u3002\uff08\u7d0d\u54c1\u679a\u6570\uff0b\u7d0415\u30ab\u30c3\u30c8\u3001\u64ae\u5f71\u6642\u9593\uff0b20\u5206/1\u540d\uff09 \u203b\u64ae\u5f71\u795e\u793e\u3001\u5bae\u793e\u306b\u3088\u3063\u3066\u306f\u64ae\u5f71\u8a31\u53ef\u6599\uff083,000\u5186\u307b\u3069\uff09\u304c\u5225\u9014\u767a\u751f\u3044\u305f\u3059\u5834\u6240\u304c\u3054\u3056\u3044\u307e\u3059\u3002\u3053\u3061\u3089\u306f\u5f0a\u793e\u64ae\u5f71\u6599\u91d1\u306b\u306f\u542b\u307e\u308c\u3066\u304a\u308a\u307e\u305b\u3093\u306e\u3067\u3001\u4e8b\u524d\u306b\u64ae\u5f71\u5e0c\u671b\u795e\u793e\u3078\u304a\u5ba2\u69d8\u3088\u308a\u3054\u78ba\u8a8d\u3001\u304a\u652f\u6255\u3044\u3092\u304a\u9858\u3044\u3057\u3066\u304a\u308a\u307e\u3059\u3002\u3054\u78ba\u8a8d\u306e\u7a0b\u3088\u308d\u3057\u304f\u304a\u9858\u3044\u3044\u305f\u3057\u307e\u3059\u3002\u3001", "11": "\u25ce\u6b63\u5f53\u306a\u7406\u7531\u306b\u3088\u308b\u66f8\u304d\u8fbc\u307f\u306e\u524a\u9664\u306b\u3064\u3044\u3066\uff1a1\u30ec\u30b9\uffe5\uff15\uff10\uff10\uff10\u5186\u30001\u30b9\u30ec\uffe5\uff12\uff10\uff10\uff10\uff10\u5186\u306e\u6280\u8853\u4f5c\u696d\u6599\u304c\u767a\u751f\u3057\u307e\u3059\u3002\u4e00\u56de\u5206\u3060\u3051\u306e\u6599\u91d1\u3067\u5f53\u65b9\u7ba1\u7406\u4e0b\u306e\u5168\u30b5\u30a4\u30c8\u3067\u4f5c\u696d\u304c\u5b9f\u65bd\u3055\u308c\u307e\u3059\u3002\u652f\u6255\u3044\u65b9\u6cd5\u306fAmazon\u30ae\u30d5\u30c8\u5238\u756a\u53f7\u3002\u9023\u7d61\u5148\u306f\u5f53\u30b5\u30a4\u30c8\u306e\u767b\u9332email\u3078\u3002\ufffd", "12": "\u30d5\u30a3\u30ea\u30c3\u30d7\u30fb\u30b3\u30c8\u30e9\u30fc\uff08Philip Kotler\u30011931\u5e74 \u2013 \uff09\u306f\u3001\u30a2\u30e1\u30ea\u30ab\u5408\u8846\u56fd\u306e\u7d4c\u55b6\u5b66\u8005\u3002\u30b7\u30ab\u30b4\u5927\u5b66\u3067\u4fee\u58eb\u53f7\u3092\u3001\u30de\u30b5\u30c1\u30e5\u30fc\u30bb\u30c3\u30c4\u5de5\u79d1\u5927\u5b66\u3067\u535a\u58eb\u53f7\u3092\u53d6\u5f97\u3002\u30ce\u30fc\u30b9\u30a6\u30a7\u30b9\u30bf\u30f3\u5927\u5b66\u30b1\u30ed\u30c3\u30b0\u30fb\u30b9\u30af\u30fc\u30eb\u6559\u6388\u3002\u73fe\u4ee3\u30de\u30fc\u30b1\u30c6\u30a3\u30f3\u30b0\u306e\u7b2c\u4e00\u4eba\u8005\u3068\u3057\u3066\u77e5\u3089\u308c\u3001\u65e5\u672c\u3067\u3082\u6570\u591a\u304f\u306e\u8457\u66f8\u304c\u7ffb\u8a33\u3055\u308c\u308b\u3068\u3068\u3082\u306b\u3001\u89e3\u8aac\u672c\u306a\u3069\u3082\u51fa\u7248\u3055\u308c\u3066\u3044\u308b\u3002\ufffd", "13": "\u65e5\u672c\u8a9e\uff08\u65cf\uff09\u306e\u7cfb\u7d71\u306f\u660e\u3089\u304b\u3067\u306a\u304f\u30011963\u5e74\u30841978\u5e74\u306e\u66f8\u7269\u3067\u306f\u3001\u300c\u3044\u304f\u3064\u304b\u306e\u7406\u8ad6\u4eee\u8aac\u304c\u3042\u308b\u304c\u3001\u3044\u307e\u3060\u7dcf\u610f\u3092\u5f97\u308b\u306b\u81f3\u3063\u3066\u3044\u306a\u3044[25][26]\u300d\u3068\u8a18\u8ff0\u3055\u308c\u305f\u3002\u5b66\u554f\u7684\u306b\u3069\u306e\u7cfb\u7d71\u3060\u3068\u3082\u65ad\u8a00\u3067\u304d\u306a\u3044\u306e\u3067\u3001\u8a00\u8a9e\u5b66\u7684\u306b\u306f\u3057\u3070\u3057\u3070\u300e\u5b64\u7acb\u3057\u305f\u8a00\u8a9e\u300f\u3068\u5206\u985e\u3055\u308c\u308b\u3053\u3068\u304c\u591a\u3044\u3002\ufffd", "14": "\u5730\u8cea\u5b66\u7684\u306b\u306f\u6c37\u6cb3\u6642\u4ee3\u3068\u8a00\u308f\u308c\u308b\u7b2c\u56db\u7d00\u306e\u66f4\u65b0\u4e16\u306e\u7d42\u672b\u304b\u3089\u5b8c\u65b0\u4e16\u521d\u982d\u307e\u3067\u3067\u3042\u308b\u3002\u30e8\u30fc\u30ed\u30c3\u30d1\u306e\u8003\u53e4\u5b66\u6642\u4ee3\u533a\u5206\u3067\u3044\u3048\u3070\u5f8c\u671f\u65e7\u77f3\u5668\u6642\u4ee3\u306b\u304a\u304a\u3080\u306d\u76f8\u5f53\u3059\u308b\ufffd", "15": "\u0413\u043e\u0432\u0430\u0440\u0434 \u041a\u0430\u0440\u0442\u0435\u0440 (\u0442\u0430\u043a\u0436\u0435 \u0425\u0430\u0443\u0430\u0440\u0434 \u041a\u0430\u0440\u0442\u0435\u0440 \u0438\u043b\u0438 \u0425\u043e\u0443\u0430\u0440\u0434 \u041a\u0430\u0440\u0442\u0435\u0440; \u0430\u043d\u0433\u043b. Howard Carter; 9 \u043c\u0430\u044f 1874 \u0433\u043e\u0434\u0430, \u0411\u0440\u043e\u043c\u043f\u0442\u043e\u043d, \u041a\u0435\u043d\u0441\u0438\u043d\u0433\u0442\u043e\u043d \u0438 \u0427\u0435\u043b\u0441\u0438, \u041b\u043e\u043d\u0434\u043e\u043d \u2014 2 \u043c\u0430\u0440\u0442\u0430 1939 \u0433\u043e\u0434\u0430, \u041b\u043e\u043d\u0434\u043e\u043d, \u0412\u0435\u043b\u0438\u043a\u043e\u0431\u0440\u0438\u0442\u0430\u043d\u0438\u044f) \u2014 \u0430\u043d\u0433\u043b\u0438\u0439\u0441\u043a\u0438\u0439 \u0430\u0440\u0445\u0435\u043e\u043b\u043e\u0433 \u0438 \u0435\u0433\u0438\u043f\u0442\u043e\u043b\u043e\u0433, \u0441\u043e\u0432\u0435\u0440\u0448\u0438\u0432\u0448\u0438\u0439 \u0432 1922 \u0433\u043e\u0434\u0443 \u0432 \u0414\u043e\u043b\u0438\u043d\u0435 \u0426\u0430\u0440\u0435\u0439 \u0431\u043b\u0438\u0437 \u041b\u0443\u043a\u0441\u043e\u0440\u0430 \u043e\u0442\u043a\u0440\u044b\u0442\u0438\u0435 \u0433\u0440\u043e\u0431\u043d\u0438\u0446\u044b \u0422\u0443\u0442\u0430\u043d\u0445\u0430\u043c\u043e\u043d\u0430 (KV62), \u043f\u0440\u0438\u0437\u043d\u0430\u043d\u043d\u043e\u0435 \u043e\u0434\u043d\u0438\u043c \u0438\u0437 \u0440\u0435\u0448\u0430\u044e\u0449\u0438\u0445 \u0438 \u043d\u0430\u0438\u0431\u043e\u043b\u0435\u0435 \u0438\u0437\u0432\u0435\u0441\u0442\u043d\u044b\u0445 \u0441\u043e\u0431\u044b\u0442\u0438\u0439 \u0432 \u0435\u0433\u0438\u043f\u0442\u043e\u043b\u043e\u0433\u0438\u0438. \ufffd", "16": "\u041d\u0435\u0441\u043c\u043e\u0442\u0440\u044f \u043d\u0430 \u0432\u0441\u043f\u044b\u0448\u043a\u0443 \u0435\u0433\u0438\u043f\u0442\u043e\u043c\u0430\u043d\u0438\u0438, \u043f\u043e\u0440\u043e\u0436\u0434\u0451\u043d\u043d\u043e\u0439 \u043e\u0442\u043a\u0440\u044b\u0442\u0438\u0435\u043c \u041a\u0430\u0440\u0442\u0435\u0440\u0430, \u0430\u0440\u0445\u0435\u043e\u043b\u043e\u0433 \u0441\u043a\u043e\u043d\u0447\u0430\u043b\u0441\u044f \u0432 \u043e\u0442\u043d\u043e\u0441\u0438\u0442\u0435\u043b\u044c\u043d\u043e\u0439 \u0431\u0435\u0437\u0432\u0435\u0441\u0442\u043d\u043e\u0441\u0442\u0438. \u041b\u0438\u0448\u044c \u043a 70-\u043b\u0435\u0442\u0438\u044e \u043e\u0442\u043a\u0440\u044b\u0442\u0438\u044f \u0433\u0440\u043e\u0431\u043d\u0438\u0446\u044b \u0422\u0443\u0442\u0430\u043d\u0445\u0430\u043c\u043e\u043d\u0430 \u0432 1992\u20141993 \u0433\u043e\u0434\u0430\u0445 \u0411\u0440\u0438\u0442\u0430\u043d\u0441\u043a\u0438\u0439 \u043c\u0443\u0437\u0435\u0439 \u043f\u0440\u043e\u0432\u0451\u043b \u044d\u043d\u0446\u0438\u043a\u043b\u043e\u043f\u0435\u0434\u0438\u0447\u0435\u0441\u043a\u0443\u044e \u0432\u044b\u0441\u0442\u0430\u0432\u043a\u0443, \u0431\u044b\u043b\u043e \u0438\u0437\u0434\u0430\u043d\u043e \u043d\u0435\u0441\u043a\u043e\u043b\u044c\u043a\u043e \u0431\u0438\u043e\u0433\u0440\u0430\u0444\u0438\u0439 \u0413\u043e\u0432\u0430\u0440\u0434\u0430 \u041a\u0430\u0440\u0442\u0435\u0440\u0430. \ufffd", "17": "\u0421\u0442\u0435\u0431\u043b\u0438 \u0434\u0432\u0443\u043b\u0435\u0442\u043d\u0438\u0445 \u0438 \u043c\u043d\u043e\u0433\u043e\u043b\u0435\u0442\u043d\u0438\u0445 \u0442\u0440\u0430\u0432\u044f\u043d\u0438\u0441\u0442\u044b\u0445 \u0440\u0430\u0441\u0442\u0435\u043d\u0438\u0439 \u0442\u043e\u0436\u0435 \u043e\u0442\u043c\u0438\u0440\u0430\u044e\u0442 \u0432 \u043a\u043e\u043d\u0446\u0435 \u0432\u0435\u0433\u0435\u0442\u0430\u0446\u0438\u043e\u043d\u043d\u043e\u0433\u043e \u043f\u0435\u0440\u0438\u043e\u0434\u0430, \u043d\u043e \u0447\u0430\u0441\u0442\u044c \u0440\u0430\u0441\u0442\u0435\u043d\u0438\u044f \u0432\u044b\u0436\u0438\u0432\u0430\u0435\u0442 \u043f\u043e\u0434 \u0437\u0435\u043c\u043b\u0451\u0439 \u0438\u043b\u0438 \u0431\u043b\u0438\u0437\u043a\u043e \u043a \u0437\u0435\u043c\u043b\u0435 \u043e\u0442 \u0441\u0435\u0437\u043e\u043d\u0430 \u043a \u0441\u0435\u0437\u043e\u043d\u0443 (\u0434\u043b\u044f \u0434\u0432\u0443\u043b\u0435\u0442\u043d\u0438\u0445 \u0440\u0430\u0441\u0442\u0435\u043d\u0438\u0439 \u0442\u043e\u043b\u044c\u043a\u043e \u0434\u043e \u0441\u043b\u0435\u0434\u0443\u044e\u0449\u0435\u0433\u043e \u0441\u0435\u0437\u043e\u043d\u0430, \u043a\u043e\u0433\u0434\u0430 \u043e\u043d\u0438 \u0432\u044b\u043f\u0443\u0441\u043a\u0430\u044e\u0442 \u0446\u0432\u0435\u0442\u043e\u043a \u0438 \u0437\u0430\u0442\u0435\u043c \u043e\u0442\u043c\u0438\u0440\u0430\u044e\u0442). \u041d\u043e\u0432\u044b\u0439 \u0441\u0442\u0435\u0431\u0435\u043b\u044c \u0440\u0430\u0437\u0432\u0438\u0432\u0430\u0435\u0442\u0441\u044f \u0438\u0437 \u0436\u0438\u0432\u044b\u0445 \u0442\u043a\u0430\u043d\u0435\u0439, \u043e\u0441\u0442\u0430\u0432\u0448\u0438\u0435\u0441\u044f \u043d\u0430 \u0437\u0435\u043c\u043b\u0435 \u0438 \u043f\u043e\u0434 \u0437\u0435\u043c\u043b\u0451\u0439, \u0432 \u0442\u043e\u043c \u0447\u0438\u0441\u043b\u0435 \u044d\u0442\u043e \u043a\u043e\u0440\u043d\u0438, \u043a\u0430\u0443\u0434\u0435\u043a\u0441 (\u0443\u0442\u043e\u043b\u0449\u0451\u043d\u043d\u0430\u044f \u0447\u0430\u0441\u0442\u044c \u0441\u0442\u0435\u0431\u043b\u044f \u043d\u0430 \u0443\u0440\u043e\u0432\u043d\u0435 \u0437\u0435\u043c\u043b\u0438) \u0438 \u0440\u0430\u0437\u043b\u0438\u0447\u043d\u044b\u0435 \u0442\u0438\u043f\u044b \u043f\u043e\u0434\u0437\u0435\u043c\u043d\u044b\u0445 \u043f\u043e\u0431\u0435\u0433\u043e\u0432, \u0442\u0430\u043a\u0438\u0445, \u043a\u0430\u043a \u043b\u0443\u043a\u043e\u0432\u0438\u0446\u044b, \u043a\u043b\u0443\u0431\u043d\u0435\u043b\u0443\u043a\u043e\u0432\u0438\u0446\u044b, \u0441\u0442\u043e\u043b\u043e\u043d\u044b, \u043a\u043e\u0440\u043d\u0435\u0432\u0438\u0449\u0430 \u0438 \u043a\u043b\u0443\u0431\u043d\u0438. \ufffd", "18": "\u041d\u0435\u043a\u043e\u0442\u043e\u0440\u044b\u0435 \u0441\u0440\u0430\u0432\u043d\u0438\u0442\u0435\u043b\u044c\u043d\u043e \u0431\u044b\u0441\u0442\u0440\u043e \u0440\u0430\u0441\u0442\u0443\u0449\u0438\u0435 \u0442\u0440\u0430\u0432\u044f\u043d\u0438\u0441\u0442\u044b\u0435 \u0440\u0430\u0441\u0442\u0435\u043d\u0438\u044f (\u043e\u0441\u043e\u0431\u0435\u043d\u043d\u043e \u043e\u0434\u043d\u043e\u043b\u0435\u0442\u043d\u0438\u0435) \u044f\u0432\u043b\u044f\u044e\u0442\u0441\u044f \u0440\u0430\u0441\u0442\u0435\u043d\u0438\u044f\u043c\u0438-\u043f\u0438\u043e\u043d\u0435\u0440\u0430\u043c\u0438, \u043f\u0435\u0440\u0432\u044b\u043c\u0438 \u0437\u0430\u0441\u0435\u043b\u044f\u044e\u0449\u0438\u043c\u0438 \u043d\u043e\u0432\u044b\u0435 \u043c\u0435\u0441\u0442\u0430 \u043e\u0431\u0438\u0442\u0430\u043d\u0438\u044f \u0438 \u043e\u043f\u0440\u0435\u0434\u0435\u043b\u044f\u044e\u0449\u0438\u043c\u0438 \u0430\u043d\u0430\u0433\u0435\u043d\u0435\u0437 \u0440\u0430\u0441\u0442\u0438\u0442\u0435\u043b\u044c\u043d\u044b\u0445 \u0432\u0438\u0434\u043e\u0432. \u0414\u0440\u0443\u0433\u0438\u0435 \u0440\u0430\u0441\u0442\u0438\u0442\u0435\u043b\u044c\u043d\u044b\u0435 \u0432\u0438\u0434\u044b \u0444\u043e\u0440\u043c\u0438\u0440\u0443\u044e\u0442 \u043e\u0441\u043d\u043e\u0432\u043d\u0443\u044e \u0440\u0430\u0441\u0442\u0438\u0442\u0435\u043b\u044c\u043d\u043e\u0441\u0442\u044c \u043c\u043d\u043e\u0433\u0438\u0445 \u0441\u0442\u0430\u0431\u0438\u043b\u044c\u043d\u044b\u0445 \u0441\u0440\u0435\u0434 \u043e\u0431\u0438\u0442\u0430\u043d\u0438\u044f, \u0440\u0430\u0437\u0432\u0438\u0432\u0430\u044e\u0449\u0438\u0445\u0441\u044f, \u043d\u0430\u043f\u0440\u0438\u043c\u0435\u0440, \u0432 \u043f\u0440\u0438\u0437\u0435\u043c\u043d\u043e\u043c \u0441\u043b\u043e\u0435 \u043b\u0435\u0441\u043e\u0432 \u0438\u043b\u0438 \u0432 \u0435\u0441\u0442\u0435\u0441\u0442\u0432\u0435\u043d\u043d\u044b\u0445 \u043e\u0442\u043a\u0440\u044b\u0442\u044b\u0445 \u0441\u0440\u0435\u0434\u0430\u0445 \u043e\u0431\u0438\u0442\u0430\u043d\u0438\u044f, \u0442\u0430\u043a\u0438\u0445 \u043a\u0430\u043a \u043b\u0443\u0433\u0430, \u0441\u043e\u043b\u043e\u043d\u0447\u0430\u043a\u0438 \u0438\u043b\u0438 \u043f\u0443\u0441\u0442\u044b\u043d\u0438. \ufffd", "19": "\u0427\u0435\u043b\u043e\u0432\u0435\u043a \u0438\u0437\u0434\u0430\u0432\u043d\u0430 \u0438\u0441\u043f\u043e\u043b\u044c\u0437\u0443\u0435\u0442 \u0440\u0430\u0437\u043b\u0438\u0447\u043d\u044b\u0435 \u0432\u0438\u0434\u044b \u0442\u0440\u0430\u0432 \u0434\u043b\u044f \u0431\u044b\u0442\u043e\u0432\u044b\u0445 \u0438 \u0445\u043e\u0437\u044f\u0439\u0441\u0442\u0432\u0435\u043d\u043d\u044b\u0445 \u043d\u0443\u0436\u0434. \u0412 \u0448\u0438\u0440\u043e\u043a\u0438\u0445 \u043c\u0430\u0441\u0448\u0442\u0430\u0431\u0430\u0445 \u0440\u0430\u0437\u0432\u0438\u0442\u043e \u0438\u0445 \u043a\u0443\u043b\u044c\u0442\u0438\u0432\u0438\u0440\u043e\u0432\u0430\u043d\u0438\u0435 \u0434\u043b\u044f \u043f\u0438\u0449\u0435\u0432\u044b\u0445 \u0446\u0435\u043b\u0435\u0439, \u0430 \u0442\u0430\u043a\u0436\u0435 \u0432 \u043a\u0430\u0447\u0435\u0441\u0442\u0432\u0435 \u043a\u043e\u0440\u043c\u0430 \u0434\u043b\u044f \u0434\u043e\u043c\u0430\u0448\u043d\u0438\u0445 \u0436\u0438\u0432\u043e\u0442\u043d\u044b\u0445. \ufffd"}, "Multilingual-MiniLM-L12-H384_ppl": {"0": 744061.75, "1": 572496.0, "2": 416525.09375, "3": 634579.4375, "4": 815217.25, "5": 485865.9375, "6": 446078.09375, "7": 353535.6875, "8": 366880.625, "9": 517202.125, "10": 489741.5625, "11": 631178.375, "12": 450186.8125, "13": 723023.25, "14": 527231.0, "15": 521552.4375, "16": 620762.625, "17": 711832.75, "18": 655061.6875, "19": 480183.90625}, "Avg Ppl": 558159.8203125}