{"./ft-query-response/codegen/7_codegen-350M-multi": 3.522709455490112, "./ft-query-response/codegen/5_codegen-350M-multi": 3.605913996696472, "./ft-query-response/codegen/0_codegen-350M-multi": 3.640792055130005, "./ft-query-response/codegen/3_codegen-350M-multi": 3.5479976177215575, "./ft-query-response/codegen/2_codegen-350M-multi": 3.4421531319618226, "./ft-query-response/codegen/6_codegen-350M-multi": 3.804540355205536, "./ft-query-response/codegen/8_codegen-350M-multi": 3.5893459701538086, "./ft-query-response/codegen/1_codegen-350M-multi": 3.5364577960968018, "./ft-query-response/codegen/4_codegen-350M-multi": 3.520353834629059, "./ft-query-response/codegen//codegen-350M-multi_codegen-350M-multi": 3.4889908695220946, "./ft-query-response/codegen/11_codegen-350M-multi": 3.5369328093528747, "./ft-query-response/codegen/10_codegen-350M-multi": 7.971626524925232}